player_id,gw,minutes,total_points,goals_scored,assists,clean_sheets,goals_conceded,yellow_cards,red_cards,saves,bonus,bps,ict_index,influence,creativity,threat,expected_goals,expected_assists,expected_goal_involvements,expected_goals_conceded,value,was_home,opponent_team
1,1,90,10,0,0,1,0,1,0,7,3,38,4.9,49.2,0.0,0.0,0.00,0.00,0.00,1.52,55,False,14
1,2,90,6,0,0,1,0,0,0,1,0,28,1.3,13.4,0.0,0.0,0.00,0.00,0.00,0.17,55,True,11
1,3,90,2,0,0,0,1,0,0,2,0,12,3.0,20.0,10.0,0.0,0.00,0.02,0.02,0.52,55,False,12
1,4,90,6,0,0,1,0,0,0,1,0,24,1.3,12.8,0.0,0.0,0.00,0.00,0.00,0.20,55,True,16
1,5,90,2,0,0,0,1,0,0,2,0,13,2.1,21.4,0.0,0.0,0.00,0.01,0.01,0.89,55,True,13
1,6,90,2,0,0,0,1,0,0,2,0,11,1.6,15.8,0.0,0.0,0.00,0.01,0.01,0.61,56,False,15
1,7,90,6,0,0,1,0,0,0,0,0,20,0.3,3.2,0.0,0.0,0.00,0.00,0.00,0.49,56,True,19
1,8,90,6,0,0,1,0,0,0,0,0,21,0.5,4.6,0.0,0.0,0.00,0.00,0.00,0.44,57,False,10
1,9,90,6,0,0,1,0,0,0,1,0,25,1.5,15.0,0.1,0.0,0.00,0.00,0.00,0.47,57,True,8
1,10,90,6,0,0,1,0,0,0,0,0,20,0.3,2.8,0.1,0.0,0.00,0.00,0.00,0.42,58,False,3
1,11,90,1,0,0,0,2,0,0,0,0,-2,0.2,1.6,0.0,0.0,0.00,0.00,0.00,0.44,59,False,17
1,12,90,2,0,0,0,1,0,0,1,0,6,0.7,6.6,0.0,0.0,0.00,0.00,0.00,0.07,59,True,18
1,13,90,3,0,0,0,1,0,0,3,0,12,2.0,20.0,0.0,0.0,0.00,0.00,0.00,0.79,59,False,7
1,14,90,6,0,0,1,0,0,0,1,0,26,1.5,15.0,0.0,0.0,0.00,0.00,0.00,0.35,59,True,5
1,15,90,2,0,0,0,2,0,0,4,0,13,3.5,35.2,0.0,0.0,0.00,0.00,0.00,2.16,59,False,2
1,16,90,2,0,0,0,1,0,0,1,0,8,1.4,13.6,0.1,0.0,0.00,0.00,0.00,0.38,60,True,20
1,17,90,7,0,0,1,0,0,0,1,1,28,1.7,16.6,0.0,0.0,0.00,0.00,0.00,0.20,60,False,9
1,18,90,2,0,0,0,1,0,0,2,0,11,3.2,21.8,10.0,0.0,0.00,0.00,0.00,0.85,60,True,6
1,19,90,2,0,0,0,1,0,0,2,0,12,2.0,20.0,0.0,0.0,0.00,0.00,0.00,2.67,60,True,2
1,20,90,1,0,0,0,2,0,0,1,0,3,0.7,7.2,0.0,0.0,0.00,0.00,0.00,1.43,60,False,4
1,21,90,6,0,0,1,0,0,0,0,0,19,0.4,4.4,0.0,0.0,0.00,0.00,0.00,0.36,60,True,12
1,22,90,6,0,0,1,0,0,0,0,0,23,0.6,6.2,0.0,0.0,0.00,0.00,0.00,0.34,59,False,16
1,23,90,1,0,0,0,3,0,0,0,0,-3,0.5,4.8,0.0,0.0,0.00,0.01,0.01,0.71,59,True,14
1,24,90,6,0,0,1,0,0,0,1,0,24,1.0,9.6,0.0,0.0,0.00,0.00,0.00,0.15,59,False,11
1,25,90,7,0,0,1,0,0,0,2,1,30,3.2,21.6,10.1,0.0,0.00,0.00,0.00,0.19,59,True,17
1,26,0,0,0,0,0,0,0,0,0,0,0,0.0,0.0,0.0,0.0,0.00,0.00,0.00,0.00,59,False,5
1,26,0,0,0,0,0,0,0,0,0,0,0,0.0,0.0,0.0,0.0,0.00,0.00,0.00,0.00,59,False,20
10,1,18,0,0,0,0,0,1,0,0,0,-1,0.0,0.2,0.0,0.0,0.00,0.00,0.00,0.66,55,False,14
10,2,26,1,0,0,0,0,0,0,0,0,7,0.8,4.2,3.7,0.0,0.00,0.00,0.00,0.00,55,True,11
10,3,0,0,0,0,0,0,0,0,0,0,0,0.0,0.0,0.0,0.0,0.00,0.00,0.00,0.00,54,False,12
10,4,22,1,0,0,0,0,0,0,0,0,3,0.1,0.0,2.0,0.0,0.00,0.00,0.00,0.10,54,True,16
10,5,0,0,0,0,0,0,0,0,0,0,0,0.0,0.0,0.0,0.0,0.00,0.00,0.00,0.00,53,True,13
10,6,2,1,0,0,0,0,0,0,0,0,2,0.2,0.0,0.9,2.0,0.00,0.00,0.00,0.04,53,False,15
10,7,15,1,0,0,0,0,0,0,0,0,2,0.6,3.2,0.3,2.0,0.00,0.00,0.00,0.13,53,True,19
10,8,0,0,0,0,0,0,0,0,0,0,0,0.0,0.0,0.0,0.0,0.00,0.00,0.00,0.00,52,False,10
10,9,2,1,0,0,0,0,0,0,0,0,3,0.1,0.2,0.3,0.0,0.00,0.00,0.00,0.01,52,True,8
10,10,1,1,0,0,0,0,0,0,0,0,3,0.2,2.0,0.0,0.0,0.00,0.00,0.00,0.05,52,False,3
10,11,0,0,0,0,0,0,0,0,0,0,0,0.0,0.0,0.0,0.0,0.00,0.00,0.00,0.00,52,False,17
10,12,1,1,0,0,0,0,0,0,0,0,3,0.0,0.2,0.0,0.0,0.00,0.00,0.00,0.00,51,True,18
10,13,45,0,0,0,0,1,1,0,0,0,-1,0.3,0.4,2.2,0.0,0.00,0.02,0.02,0.48,51,False,7
10,14,0,0,0,0,0,0,0,0,0,0,0,0.0,0.0,0.0,0.0,0.00,0.00,0.00,0.00,51,True,5
10,15,4,1,0,0,0,1,0,0,0,0,-1,0.1,1.0,0.0,0.0,0.00,0.00,0.00,0.80,51,False,2
10,16,59,1,0,0,0,1,0,0,0,0,8,4.2,8.0,23.7,10.0,0.05,0.03,0.08,0.23,51,True,20
10,17,0,0,0,0,0,0,0,0,0,0,0,0.0,0.0,0.0,0.0,0.00,0.00,0.00,0.00,51,False,9
10,18,70,1,0,0,0,1,1,0,0,0,4,1.4,7.4,2.1,4.0,0.00,0.01,0.01,0.54,51,True,6
10,19,13,1,0,0,0,1,0,0,0,0,-1,0.0,0.2,0.2,0.0,0.00,0.00,0.00,2.00,51,True,2
10,20,0,0,0,0,0,0,0,0,0,0,0,0.0,0.0,0.0,0.0,0.00,0.00,0.00,0.00,51,False,4
10,21,33,1,0,0,0,0,0,0,0,0,5,1.4,4.2,10.1,0.0,0.00,0.00,0.00,0.22,51,True,12
10,22,0,0,0,0,0,0,0,0,0,0,0,0.0,0.0,0.0,0.0,0.00,0.00,0.00,0.00,51,False,16
10,23,0,0,0,0,0,0,0,0,0,0,0,0.0,0.0,0.0,0.0,0.00,0.00,0.00,0.00,51,True,14
10,24,0,0,0,0,0,0,0,0,0,0,0,0.0,0.0,0.0,0.0,0.00,0.00,0.00,0.00,51,False,11
10,25,0,0,0,0,0,0,0,0,0,0,0,0.0,0.0,0.0,0.0,0.00,0.00,0.00,0.00,51,True,17
10,26,0,0,0,0,0,0,0,0,0,0,0,0.0,0.0,0.0,0.0,0.00,0.00,0.00,0.00,51,False,5
10,26,0,0,0,0,0,0,0,0,0,0,0,0.0,0.0,0.0,0.0,0.00,0.00,0.00,0.00,51,False,20
11,1,70,6,0,0,1,0,0,0,0,0,23,2.8,15.4,11.3,1.0,0.01,0.01,0.02,0.87,55,False,14
11,2,0,0,0,0,0,0,0,0,0,0,0,0.0,0.0,0.0,0.0,0.00,0.00,0.00,0.00,55,True,11
11,3,0,0,0,0,0,0,0,0,0,0,0,0.0,0.0,0.0,0.0,0.00,0.00,0.00,0.00,55,False,12
11,4,0,0,0,0,0,0,0,0,0,0,0,0.0,0.0,0.0,0.0,0.00,0.00,0.00,0.00,54,True,16
11,5,0,0,0,0,0,0,0,0,0,0,0,0.0,0.0,0.0,0.0,0.00,0.00,0.00,0.00,54,True,13
11,6,0,0,0,0,0,0,0,0,0,0,0,0.0,0.0,0.0,0.0,0.00,0.00,0.00,0.00,54,False,15
11,7,0,0,0,0,0,0,0,0,0,0,0,0.0,0.0,0.0,0.0,0.00,0.00,0.00,0.00,54,True,19
11,8,0,0,0,0,0,0,0,0,0,0,0,0.0,0.0,0.0,0.0,0.00,0.00,0.00,0.00,54,False,10
11,9,0,0,0,0,0,0,0,0,0,0,0,0.0,0.0,0.0,0.0,0.00,0.00,0.00,0.00,54,True,8
11,10,0,0,0,0,0,0,0,0,0,0,0,0.0,0.0,0.0,0.0,0.00,0.00,0.00,0.00,54,False,3
11,11,0,0,0,0,0,0,0,0,0,0,0,0.0,0.0,0.0,0.0,0.00,0.00,0.00,0.00,53,False,17
11,12,0,0,0,0,0,0,0,0,0,0,0,0.0,0.0,0.0,0.0,0.00,0.00,0.00,0.00,53,True,18
11,13,0,0,0,0,0,0,0,0,0,0,0,0.0,0.0,0.0,0.0,0.00,0.00,0.00,0.00,53,False,7
11,14,90,14,0,1,1,0,0,0,0,3,46,8.7,49.8,29.5,8.0,0.04,0.14,0.18,0.35,53,True,5
11,15,90,1,0,0,0,2,0,0,0,0,18,6.5,24.0,17.6,23.0,0.32,0.26,0.58,2.16,53,False,2
11,16,30,1,0,0,0,0,0,0,0,0,3,1.0,0.0,8.4,2.0,0.00,0.01,0.01,0.14,54,True,20
11,17,0,0,0,0,0,0,0,0,0,0,0,0.0,0.0,0.0,0.0,0.00,0.00,0.00,0.00,53,False,9
11,18,0,0,0,0,0,0,0,0,0,0,0,0.0,0.0,0.0,0.0,0.00,0.00,0.00,0.00,52,True,6
11,19,7,1,0,0,0,1,0,0,0,0,-1,1.3,3.0,10.3,0.0,0.00,0.01,0.01,2.00,51,True,2
11,20,0,0,0,0,0,0,0,0,0,0,0,0.0,0.0,0.0,0.0,0.00,0.00,0.00,0.00,51,False,4
11,21,0,0,0,0,0,0,0,0,0,0,0,0.0,0.0,0.0,0.0,0.00,0.00,0.00,0.00,51,True,12
11,22,90,6,0,0,1,0,0,0,0,0,21,3.3,8.6,14.6,10.0,0.06,0.04,0.10,0.34,51,False,16
11,23,32,1,0,0,0,1,0,0,0,0,2,1.4,10.6,1.0,2.0,0.00,0.02,0.02,0.27,51,True,14
11,24,0,0,0,0,0,0,0,0,0,0,0,0.0,0.0,0.0,0.0,0.00,0.00,0.00,0.00,51,False,11
11,25,0,0,0,0,0,0,0,0,0,0,0,0.0,0.0,0.0,0.0,0.00,0.00,0.00,0.00,51,True,17
11,26,0,0,0,0,0,0,0,0,0,0,0,0.0,0.0,0.0,0.0,0.00,0.00,0.00,0.00,51,False,5
11,26,0,0,0,0,0,0,0,0,0,0,0,0.0,0.0,0.0,0.0,0.00,0.00,0.00,0.00,51,False,20
13,1,0,0,0,0,0,0,0,0,0,0,0,0.0,0.0,0.0,0.0,0.00,0.00,0.00,0.00,40,False,14
13,2,0,0,0,0,0,0,0,0,0,0,0,0.0,0.0,0.0,0.0,0.00,0.00,0.00,0.00,40,True,11
13,3,0,0,0,0,0,0,0,0,0,0,0,0.0,0.0,0.0,0.0,0.00,0.00,0.00,0.00,40,False,12
13,4,0,0,0,0,0,0,0,0,0,0,0,0.0,0.0,0.0,0.0,0.00,0.00,0.00,0.00,40,True,16
13,5,0,0,0,0,0,0,0,0,0,0,0,0.0,0.0,0.0,0.0,0.00,0.00,0.00,0.00,40,True,13
13,6,0,0,0,0,0,0,0,0,0,0,0,0.0,0.0,0.0,0.0,0.00,0.00,0.00,0.00,40,False,15
13,7,0,0,0,0,0,0,0,0,0,0,0,0.0,0.0,0.0,0.0,0.00,0.00,0.00,0.00,39,True,19
13,8,0,0,0,0,0,0,0,0,0,0,0,0.0,0.0,0.0,0.0,0.00,0.00,0.00,0.00,39,False,10
13,9,0,0,0,0,0,0,0,0,0,0,0,0.0,0.0,0.0,0.0,0.00,0.00,0.00,0.00,39,True,8
13,10,0,0,0,0,0,0,0,0,0,0,0,0.0,0.0,0.0,0.0,0.00,0.00,0.00,0.00,39,False,3
13,11,0,0,0,0,0,0,0,0,0,0,0,0.0,0.0,0.0,0.0,0.00,0.00,0.00,0.00,39,False,17
13,12,0,0,0,0,0,0,0,0,0,0,0,0.0,0.0,0.0,0.0,0.00,0.00,0.00,0.00,38,True,18
13,13,0,0,0,0,0,0,0,0,0,0,0,0.0,0.0,0.0,0.0,0.00,0.00,0.00,0.00,38,False,7
13,14,0,0,0,0,0,0,0,0,0,0,0,0.0,0.0,0.0,0.0,0.00,0.00,0.00,0.00,38,True,5
13,15,0,0,0,0,0,0,0,0,0,0,0,0.0,0.0,0.0,0.0,0.00,0.00,0.00,0.00,38,False,2
13,16,0,0,0,0,0,0,0,0,0,0,0,0.0,0.0,0.0,0.0,0.00,0.00,0.00,0.00,38,True,20
13,17,0,0,0,0,0,0,0,0,0,0,0,0.0,0.0,0.0,0.0,0.00,0.00,0.00,0.00,38,False,9
13,18,0,0,0,0,0,0,0,0,0,0,0,0.0,0.0,0.0,0.0,0.00,0.00,0.00,0.00,38,True,6
13,19,0,0,0,0,0,0,0,0,0,0,0,0.0,0.0,0.0,0.0,0.00,0.00,0.00,0.00,38,True,2
13,20,0,0,0,0,0,0,0,0,0,0,0,0.0,0.0,0.0,0.0,0.00,0.00,0.00,0.00,38,False,4
13,21,0,0,0,0,0,0,0,0,0,0,0,0.0,0.0,0.0,0.0,0.00,0.00,0.00,0.00,38,True,12
13,22,0,0,0,0,0,0,0,0,0,0,0,0.0,0.0,0.0,0.0,0.00,0.00,0.00,0.00,38,False,16
13,23,0,0,0,0,0,0,0,0,0,0,0,0.0,0.0,0.0,0.0,0.00,0.00,0.00,0.00,38,True,14
13,24,0,0,0,0,0,0,0,0,0,0,0,0.0,0.0,0.0,0.0,0.00,0.00,0.00,0.00,38,False,11
13,25,0,0,0,0,0,0,0,0,0,0,0,0.0,0.0,0.0,0.0,0.00,0.00,0.00,0.00,38,True,17
13,26,0,0,0,0,0,0,0,0,0,0,0,0.0,0.0,0.0,0.0,0.00,0.00,0.00,0.00,38,False,5
13,26,0,0,0,0,0,0,0,0,0,0,0,0.0,0.0,0.0,0.0,0.00,0.00,0.00,0.00,38,False,20
14,1,0,0,0,0,0,0,0,0,0,0,0,0.0,0.0,0.0,0.0,0.00,0.00,0.00,0.00,40,False,14
14,2,0,0,0,0,0,0,0,0,0,0,0,0.0,0.0,0.0,0.0,0.00,0.00,0.00,0.00,40,True,11
14,3,0,0,0,0,0,0,0,0,0,0,0,0.0,0.0,0.0,0.0,0.00,0.00,0.00,0.00,40,False,12
14,4,0,0,0,0,0,0,0,0,0,0,0,0.0,0.0,0.0,0.0,0.00,0.00,0.00,0.00,40,True,16
14,5,0,0,0,0,0,0,0,0,0,0,0,0.0,0.0,0.0,0.0,0.00,0.00,0.00,0.00,39,True,13
14,6,0,0,0,0,0,0,0,0,0,0,0,0.0,0.0,0.0,0.0,0.00,0.00,0.00,0.00,39,False,15
14,7,0,0,0,0,0,0,0,0,0,0,0,0.0,0.0,0.0,0.0,0.00,0.00,0.00,0.00,39,True,19
14,8,0,0,0,0,0,0,0,0,0,0,0,0.0,0.0,0.0,0.0,0.00,0.00,0.00,0.00,39,False,10
14,9,0,0,0,0,0,0,0,0,0,0,0,0.0,0.0,0.0,0.0,0.00,0.00,0.00,0.00,39,True,8
14,10,0,0,0,0,0,0,0,0,0,0,0,0.0,0.0,0.0,0.0,0.00,0.00,0.00,0.00,39,False,3
14,11,0,0,0,0,0,0,0,0,0,0,0,0.0,0.0,0.0,0.0,0.00,0.00,0.00,0.00,39,False,17
14,12,0,0,0,0,0,0,0,0,0,0,0,0.0,0.0,0.0,0.0,0.00,0.00,0.00,0.00,39,True,18
14,13,0,0,0,0,0,0,0,0,0,0,0,0.0,0.0,0.0,0.0,0.00,0.00,0.00,0.00,39,False,7
14,14,0,0,0,0,0,0,0,0,0,0,0,0.0,0.0,0.0,0.0,0.00,0.00,0.00,0.00,39,True,5
14,15,0,0,0,0,0,0,0,0,0,0,0,0.0,0.0,0.0,0.0,0.00,0.00,0.00,0.00,39,False,2
14,16,0,0,0,0,0,0,0,0,0,0,0,0.0,0.0,0.0,0.0,0.00,0.00,0.00,0.00,39,True,20
14,17,0,0,0,0,0,0,0,0,0,0,0,0.0,0.0,0.0,0.0,0.00,0.00,0.00,0.00,39,False,9
14,18,0,0,0,0,0,0,0,0,0,0,0,0.0,0.0,0.0,0.0,0.00,0.00,0.00,0.00,39,True,6
14,19,0,0,0,0,0,0,0,0,0,0,0,0.0,0.0,0.0,0.0,0.00,0.00,0.00,0.00,39,True,2
14,20,0,0,0,0,0,0,0,0,0,0,0,0.0,0.0,0.0,0.0,0.00,0.00,0.00,0.00,39,False,4
14,21,0,0,0,0,0,0,0,0,0,0,0,0.0,0.0,0.0,0.0,0.00,0.00,0.00,0.00,39,True,12
14,22,0,0,0,0,0,0,0,0,0,0,0,0.0,0.0,0.0,0.0,0.00,0.00,0.00,0.00,39,False,16
14,23,0,0,0,0,0,0,0,0,0,0,0,0.0,0.0,0.0,0.0,0.00,0.00,0.00,0.00,39,True,14
14,24,0,0,0,0,0,0,0,0,0,0,0,0.0,0.0,0.0,0.0,0.00,0.00,0.00,0.00,39,False,11
14,25,0,0,0,0,0,0,0,0,0,0,0,0.0,0.0,0.0,0.0,0.00,0.00,0.00,0.00,39,True,17
14,26,0,0,0,0,0,0,0,0,0,0,0,0.0,0.0,0.0,0.0,0.00,0.00,0.00,0.00,39,False,5
14,26,0,0,0,0,0,0,0,0,0,0,0,0.0,0.0,0.0,0.0,0.00,0.00,0.00,0.00,39,False,20
15,1,0,0,0,0,0,0,0,0,0,0,0,0.0,0.0,0.0,0.0,0.00,0.00,0.00,0.00,40,False,14
15,2,0,0,0,0,0,0,0,0,0,0,0,0.0,0.0,0.0,0.0,0.00,0.00,0.00,0.00,40,True,11
15,3,0,0,0,0,0,0,0,0,0,0,0,0.0,0.0,0.0,0.0,0.00,0.00,0.00,0.00,40,False,12
15,4,0,0,0,0,0,0,0,0,0,0,0,0.0,0.0,0.0,0.0,0.00,0.00,0.00,0.00,40,True,16
15,5,0,0,0,0,0,0,0,0,0,0,0,0.0,0.0,0.0,0.0,0.00,0.00,0.00,0.00,39,True,13
15,6,0,0,0,0,0,0,0,0,0,0,0,0.0,0.0,0.0,0.0,0.00,0.00,0.00,0.00,39,False,15
15,7,0,0,0,0,0,0,0,0,0,0,0,0.0,0.0,0.0,0.0,0.00,0.00,0.00,0.00,39,True,19
15,8,0,0,0,0,0,0,0,0,0,0,0,0.0,0.0,0.0,0.0,0.00,0.00,0.00,0.00,39,False,10
15,9,0,0,0,0,0,0,0,0,0,0,0,0.0,0.0,0.0,0.0,0.00,0.00,0.00,0.00,39,True,8
15,10,0,0,0,0,0,0,0,0,0,0,0,0.0,0.0,0.0,0.0,0.00,0.00,0.00,0.00,39,False,3
15,11,0,0,0,0,0,0,0,0,0,0,0,0.0,0.0,0.0,0.0,0.00,0.00,0.00,0.00,39,False,17
15,12,0,0,0,0,0,0,0,0,0,0,0,0.0,0.0,0.0,0.0,0.00,0.00,0.00,0.00,39,True,18
15,13,0,0,0,0,0,0,0,0,0,0,0,0.0,0.0,0.0,0.0,0.00,0.00,0.00,0.00,38,False,7
15,14,0,0,0,0,0,0,0,0,0,0,0,0.0,0.0,0.0,0.0,0.00,0.00,0.00,0.00,38,True,5
15,15,0,0,0,0,0,0,0,0,0,0,0,0.0,0.0,0.0,0.0,0.00,0.00,0.00,0.00,38,False,2
15,16,0,0,0,0,0,0,0,0,0,0,0,0.0,0.0,0.0,0.0,0.00,0.00,0.00,0.00,38,True,20
15,17,0,0,0,0,0,0,0,0,0,0,0,0.0,0.0,0.0,0.0,0.00,0.00,0.00,0.00,38,False,9
15,18,0,0,0,0,0,0,0,0,0,0,0,0.0,0.0,0.0,0.0,0.00,0.00,0.00,0.00,38,True,6
15,19,0,0,0,0,0,0,0,0,0,0,0,0.0,0.0,0.0,0.0,0.00,0.00,0.00,0.00,38,True,2
15,20,0,0,0,0,0,0,0,0,0,0,0,0.0,0.0,0.0,0.0,0.00,0.00,0.00,0.00,38,False,4
15,21,0,0,0,0,0,0,0,0,0,0,0,0.0,0.0,0.0,0.0,0.00,0.00,0.00,0.00,38,True,12
15,22,0,0,0,0,0,0,0,0,0,0,0,0.0,0.0,0.0,0.0,0.00,0.00,0.00,0.00,38,False,16
15,23,0,0,0,0,0,0,0,0,0,0,0,0.0,0.0,0.0,0.0,0.00,0.00,0.00,0.00,38,True,14
15,24,0,0,0,0,0,0,0,0,0,0,0,0.0,0.0,0.0,0.0,0.00,0.00,0.00,0.00,38,False,11
15,25,0,0,0,0,0,0,0,0,0,0,0,0.0,0.0,0.0,0.0,0.00,0.00,0.00,0.00,38,True,17
15,26,0,0,0,0,0,0,0,0,0,0,0,0.0,0.0,0.0,0.0,0.00,0.00,0.00,0.00,37,False,5
15,26,0,0,0,0,0,0,0,0,0,0,0,0.0,0.0,0.0,0.0,0.00,0.00,0.00,0.00,37,False,20
16,1,90,3,0,0,1,0,0,0,0,0,7,3.5,12.0,16.4,7.0,0.15,0.09,0.24,1.52,100,False,14
16,2,52,6,1,0,0,0,0,0,0,0,27,9.2,40.4,30.4,21.0,0.11,0.03,0.14,0.17,100,True,11
16,3,0,0,0,0,0,0,0,0,0,0,0,0.0,0.0,0.0,0.0,0.00,0.00,0.00,0.00,99,False,12
16,4,0,0,0,0,0,0,0,0,0,0,0,0.0,0.0,0.0,0.0,0.00,0.00,0.00,0.00,98,True,16
16,5,45,1,0,0,0,0,0,0,0,0,7,4.5,5.6,32.3,7.0,0.04,0.21,0.25,0.34,98,True,13
16,6,69,2,0,0,0,1,0,0,0,0,10,4.6,4.4,11.4,30.0,0.08,0.01,0.09,0.53,98,False,15
16,7,90,8,1,0,1,0,0,0,0,0,22,9.3,38.8,23.6,31.0,0.84,1.11,1.95,0.49,98,True,19
16,8,90,7,0,0,1,0,0,0,0,2,28,15.3,28.8,80.3,44.0,0.07,0.55,0.62,0.44,99,False,10
16,9,65,3,0,0,1,0,0,0,0,0,8,0.7,2.2,1.9,3.0,0.02,0.01,0.03,0.08,100,True,8
16,10,90,3,0,0,1,0,0,0,0,0,3,7.7,12.4,24.3,40.0,0.58,0.06,0.64,0.42,101,False,3
16,11,90,12,1,0,0,2,0,0,0,3,40,13.2,49.6,36.7,46.0,0.52,0.19,0.71,0.44,101,False,17
16,12,90,4,0,0,0,1,0,0,0,0,16,6.6,17.4,27.3,21.0,0.11,0.09,0.20,0.07,101,True,18
16,13,90,5,0,1,0,1,0,0,0,0,21,6.6,22.0,16.6,27.0,0.19,0.58,0.77,0.79,101,False,7
16,14,29,6,1,0,0,0,0,0,0,0,22,7.4,38.0,1.8,34.0,0.60,0.01,0.61,0.07,101,True,5
16,15,78,4,0,1,0,1,1,0,0,0,18,9.5,12.6,46.3,36.0,0.58,0.31,0.89,1.32,101,False,2
16,16,90,11,0,2,0,1,0,0,0,3,52,9.5,21.6,59.5,14.0,0.03,0.42,0.45,0.38,102,True,20
16,17,90,3,0,0,1,0,0,0,0,0,17,6.8,16.0,19.9,32.0,0.29,0.06,0.35,0.20,103,False,9
16,18,90,7,0,1,0,1,0,0,0,2,30,16.4,36.2,52.3,75.0,0.64,0.30,0.94,0.85,103,True,6
16,19,82,6,0,1,1,0,0,0,0,0,10,2.7,0.0,13.0,15.0,0.38,0.02,0.40,0.67,103,True,2
16,20,23,4,0,1,0,1,0,0,0,0,19,6.6,21.0,36.0,9.0,0.02,0.23,0.25,0.06,103,False,4
16,21,77,3,0,0,1,0,0,0,0,0,6,2.7,4.8,3.8,18.0,0.13,0.02,0.15,0.30,102,True,12
16,22,33,1,0,0,0,0,0,0,0,0,12,8.9,18.8,48.8,21.0,0.13,0.38,0.51,0.10,102,False,16
16,23,90,2,0,0,0,3,0,0,0,0,19,9.7,18.6,45.5,33.0,0.07,0.43,0.50,0.71,101,True,14
16,24,0,0,0,0,0,0,0,0,0,0,0,0.0,0.0,0.0,0.0,0.00,0.00,0.00,0.00,100,False,11
16,25,0,0,0,0,0,0,0,0,0,0,0,0.0,0.0,0.0,0.0,0.00,0.00,0.00,0.00,99,True,17
16,26,0,0,0,0,0,0,0,0,0,0,0,0.0,0.0,0.0,0.0,0.00,0.00,0.00,0.00,99,False,5
16,26,0,0,0,0,0,0,0,0,0,0,0,0.0,0.0,0.0,0.0,0.00,0.00,0.00,0.00,99,False,20
17,1,90,5,0,0,1,0,0,0,0,0,16,5.5,17.8,20.3,17.0,0.09,0.29,0.38,1.52,80,False,14
17,2,37,1,0,0,0,0,0,0,0,0,5,0.9,1.6,4.4,3.0,0.05,0.05,0.10,0.17,80,True,11
17,3,20,1,0,0,0,1,0,0,0,0,3,0.6,1.4,2.2,2.0,0.00,0.01,0.01,0.25,79,False,12
17,4,17,1,0,0,0,0,0,0,0,0,3,0.5,0.0,5.2,0.0,0.00,0.00,0.00,0.00,79,True,16
17,5,0,0,0,0,0,0,0,0,0,0,0,0.0,0.0,0.0,0.0,0.00,0.00,0.00,0.00,79,True,13
17,6,8,4,0,1,0,0,0,0,0,0,16,3.5,19.0,16.4,0.0,0.00,0.25,0.25,0.08,79,False,15
17,7,29,1,0,0,0,0,0,0,0,0,4,2.0,3.2,16.5,0.0,0.00,0.21,0.21,0.34,79,True,19
17,8,0,0,0,0,0,0,0,0,0,0,0,0.0,0.0,0.0,0.0,0.00,0.00,0.00,0.00,79,False,10
17,9,0,0,0,0,0,0,0,0,0,0,0,0.0,0.0,0.0,0.0,0.00,0.00,0.00,0.00,79,True,8
17,10,0,0,0,0,0,0,0,0,0,0,0,0.0,0.0,0.0,0.0,0.00,0.00,0.00,0.00,79,False,3
17,11,0,0,0,0,0,0,0,0,0,0,0,0.0,0.0,0.0,0.0,0.00,0.00,0.00,0.00,78,False,17
17,12,0,0,0,0,0,0,0,0,0,0,0,0.0,0.0,0.0,0.0,0.00,0.00,0.00,0.00,78,True,18
17,13,33,1,0,0,0,0,0,0,0,0,3,0.4,1.4,2.8,0.0,0.00,0.04,0.04,0.27,78,False,7
17,14,90,3,0,0,1,0,0,0,0,0,15,7.4,18.0,50.0,6.0,0.02,0.08,0.10,0.35,78,True,5
17,15,90,2,0,0,0,2,0,0,0,0,21,8.9,25.8,36.2,27.0,0.14,0.15,0.29,2.16,78,False,2
17,16,33,1,0,0,0,1,0,0,0,0,2,2.5,0.0,15.9,9.0,0.12,0.02,0.14,0.09,78,True,20
17,17,87,3,0,0,1,0,0,0,0,0,12,7.3,12.0,56.8,4.0,0.00,0.16,0.16,0.20,78,False,9
17,18,90,10,1,0,0,1,0,0,0,3,37,13.3,54.4,64.3,14.0,0.15,0.07,0.22,0.85,78,True,6
17,19,90,5,0,1,0,1,0,0,0,0,29,11.9,32.8,45.4,41.0,0.27,0.61,0.88,2.67,78,True,2
17,20,79,7,0,1,0,2,0,0,0,2,26,5.3,24.8,25.2,3.0,0.03,0.15,0.18,1.42,78,False,4
17,21,77,3,0,0,1,0,0,0,0,0,12,2.3,4.2,14.7,4.0,0.00,0.04,0.04,0.30,78,True,12
17,22,56,1,0,0,0,0,0,0,0,0,4,1.7,4.6,12.2,0.0,0.00,0.46,0.46,0.24,78,False,16
17,23,57,4,0,1,0,2,0,0,0,0,9,0.8,0.0,5.6,4.0,0.10,0.02,0.12,0.44,78,True,14
17,24,29,4,0,1,0,0,0,0,0,0,16,4.6,20.0,26.2,0.0,0.00,0.22,0.22,0.03,78,False,11
17,25,0,0,0,0,0,0,0,0,0,0,0,0.0,0.0,0.0,0.0,0.00,0.00,0.00,0.00,78,True,17
17,26,0,0,0,0,0,0,0,0,0,0,0,0.0,0.0,0.0,0.0,0.00,0.00,0.00,0.00,78,False,5
17,26,0,0,0,0,0,0,0,0,0,0,0,0.0,0.0,0.0,0.0,0.00,0.00,0.00,0.00,78,False,20
18,1,30,1,0,0,0,0,0,0,0,0,2,1.4,1.6,10.7,2.0,0.00,0.02,0.02,0.82,70,False,14
18,2,63,3,0,0,1,0,0,0,0,0,10,4.3,5.6,26.9,10.0,0.00,0.09,0.09,0.17,70,True,11
18,3,88,2,0,0,0,1,0,0,0,0,5,3.9,0.0,1.6,38.0,0.14,0.03,0.17,0.40,70,False,12
18,4,78,3,0,0,1,0,0,0,0,0,24,11.9,22.6,70.8,26.0,0.00,0.71,0.71,0.10,70,True,16
18,5,45,1,0,0,0,1,0,0,0,0,-2,3.1,0.4,1.7,29.0,0.15,0.01,0.16,0.55,70,True,13
18,6,0,0,0,0,0,0,0,0,0,0,0,0.0,0.0,0.0,0.0,0.00,0.00,0.00,0.00,70,False,15
18,7,0,0,0,0,0,0,0,0,0,0,0,0.0,0.0,0.0,0.0,0.00,0.00,0.00,0.00,69,True,19
18,8,0,0,0,0,0,0,0,0,0,0,0,0.0,0.0,0.0,0.0,0.00,0.00,0.00,0.00,69,False,10
18,9,0,0,0,0,0,0,0,0,0,0,0,0.0,0.0,0.0,0.0,0.00,0.00,0.00,0.00,69,True,8
18,10,0,0,0,0,0,0,0,0,0,0,0,0.0,0.0,0.0,0.0,0.00,0.00,0.00,0.00,68,False,3
18,11,0,0,0,0,0,0,0,0,0,0,0,0.0,0.0,0.0,0.0,0.00,0.00,0.00,0.00,68,False,17
18,12,12,1,0,0,0,0,0,0,0,0,4,0.5,2.4,0.4,2.0,0.00,0.01,0.01,0.02,68,True,18
18,13,33,1,0,0,0,0,0,0,0,0,2,0.6,0.0,2.1,4.0,0.00,0.03,0.03,0.27,68,False,7
18,14,60,3,0,0,1,0,0,0,0,0,6,5.4,10.0,3.7,40.0,0.13,0.07,0.20,0.27,68,True,5
18,15,11,1,0,0,0,1,0,0,0,0,3,0.4,0.0,0.3,4.0,0.05,0.00,0.05,0.84,68,False,2
18,16,0,0,0,0,0,0,0,0,0,0,0,0.0,0.0,0.0,0.0,0.00,0.00,0.00,0.00,68,True,20
18,17,0,0,0,0,0,0,0,0,0,0,0,0.0,0.0,0.0,0.0,0.00,0.00,0.00,0.00,68,False,9
18,18,0,0,0,0,0,0,0,0,0,0,0,0.0,0.0,0.0,0.0,0.00,0.00,0.00,0.00,68,True,6
18,19,7,1,0,0,0,1,0,0,0,0,8,1.8,4.0,14.0,0.0,0.00,0.34,0.34,2.00,68,True,2
18,20,66,2,0,0,0,1,0,0,0,0,8,3.9,10.2,12.6,16.0,0.07,0.02,0.09,1.37,68,False,4
18,21,12,1,0,0,0,0,0,0,0,0,6,2.1,2.0,14.5,4.0,0.00,0.06,0.06,0.06,68,True,12
18,22,56,1,0,0,0,0,0,0,0,0,9,6.5,14.2,30.9,20.0,0.06,0.22,0.28,0.24,68,False,16
18,23,15,1,0,0,0,1,0,0,0,0,2,0.4,1.2,1.0,2.0,0.00,0.00,0.00,0.27,68,True,14
18,24,60,14,1,1,1,0,0,0,0,3,43,10.7,59.4,34.7,13.0,0.01,0.27,0.28,0.12,68,False,11
18,25,59,1,0,0,0,0,0,0,0,0,3,1.8,3.8,1.6,13.0,0.02,0.02,0.04,0.17,68,True,17
18,26,0,0,0,0,0,0,0,0,0,0,0,0.0,0.0,0.0,0.0,0.00,0.00,0.00,0.00,68,False,5
18,26,0,0,0,0,0,0,0,0,0,0,0,0.0,0.0,0.0,0.0,0.00,0.00,0.00,0.00,68,False,20
19,1,59,1,0,0,0,0,0,0,0,0,8,3.8,6.2,10.3,21.0,0.02,0.01,0.03,0.70,70,False,14
19,2,0,0,0,0,0,0,0,0,0,0,0,0.0,0.0,0.0,0.0,0.00,0.00,0.00,0.00,70,True,11
19,3,69,3,0,0,1,0,0,0,0,0,9,0.8,1.4,0.4,6.0,0.00,0.00,0.00,0.28,69,False,12
19,4,12,1,0,0,0,0,0,0,0,0,4,0.6,2.0,4.3,0.0,0.00,0.00,0.00,0.10,69,True,16
19,5,10,7,1,0,0,0,0,0,0,1,22,5.0,33.0,0.3,17.0,0.16,0.00,0.16,0.25,69,True,13
19,6,20,1,0,0,0,0,0,0,0,0,5,0.7,2.2,0.5,4.0,0.05,0.01,0.06,0.08,69,False,15
19,7,11,1,0,0,0,0,0,0,0,0,3,1.8,2.0,14.0,2.0,0.00,0.06,0.06,0.13,69,True,19
19,8,9,1,0,0,0,0,0,0,0,0,3,4.5,3.2,0.5,41.0,0.52,0.00,0.52,0.04,69,False,10
19,9,24,1,0,0,0,0,0,0,0,0,2,0.3,1.0,0.3,2.0,0.00,0.00,0.00,0.39,69,True,8
19,10,0,0,0,0,0,0,0,0,0,0,0,0.0,0.0,0.0,0.0,0.00,0.00,0.00,0.00,69,False,3
19,11,0,0,0,0,0,0,0,0,0,0,0,0.0,0.0,0.0,0.0,0.00,0.00,0.00,0.00,68,False,17
19,12,0,0,0,0,0,0,0,0,0,0,0,0.0,0.0,0.0,0.0,0.00,0.00,0.00,0.00,68,True,18
19,13,56,1,0,0,0,1,0,0,0,0,3,1.3,2.2,1.3,9.0,0.11,0.01,0.12,0.52,68,False,7
19,14,60,3,0,0,1,0,0,0,0,0,4,2.7,4.8,13.8,8.0,0.09,0.02,0.11,0.27,68,True,5
19,15,4,1,0,0,0,1,0,0,0,0,2,0.0,0.0,0.1,0.0,0.00,0.00,0.00,0.80,68,False,2
19,16,56,1,0,0,0,0,0,0,0,0,-1,2.0,0.0,2.4,24.0,0.34,0.03,0.37,0.28,68,True,20
19,17,10,0,0,0,0,0,1,0,0,0,-1,0.9,0.0,0.7,8.0,0.00,0.00,0.00,0.00,68,False,9
19,18,8,1,0,0,0,0,0,0,0,0,1,2.0,3.6,10.8,6.0,0.49,0.01,0.50,0.00,68,True,6
19,19,0,0,0,0,0,0,0,0,0,0,0,0.0,0.0,0.0,0.0,0.00,0.00,0.00,0.00,68,True,2
19,20,66,5,0,1,0,1,0,0,0,0,19,1.7,4.4,5.7,7.0,0.19,0.02,0.21,1.37,68,False,4
19,21,26,0,0,0,0,0,1,0,0,0,3,2.2,4.2,0.6,17.0,0.02,0.01,0.03,0.15,68,True,12
19,22,45,1,0,0,0,0,0,0,0,0,3,4.9,8.4,5.4,35.0,0.58,0.05,0.63,0.20,68,False,16
19,23,0,0,0,0,0,0,0,0,0,0,0,0.0,0.0,0.0,0.0,0.00,0.00,0.00,0.00,68,True,14
19,24,29,4,0,1,0,0,0,0,0,0,19,5.4,23.2,14.2,17.0,0.11,0.29,0.40,0.03,68,False,11
19,25,30,4,0,1,0,0,0,0,0,0,20,6.5,26.2,13.5,25.0,0.04,0.26,0.30,0.02,68,True,17
19,26,0,0,0,0,0,0,0,0,0,0,0,0.0,0.0,0.0,0.0,0.00,0.00,0.00,0.00,68,False,5
19,26,0,0,0,0,0,0,0,0,0,0,0,0.0,0.0,0.0,0.0,0.00,0.00,0.00,0.00,68,False,20
2,1,0,0,0,0,0,0,0,0,0,0,0,0.0,0.0,0.0,0.0,0.00,0.00,0.00,0.00,45,False,14
2,2,0,0,0,0,0,0,0,0,0,0,0,0.0,0.0,0.0,0.0,0.00,0.00,0.00,0.00,45,True,11
2,3,0,0,0,0,0,0,0,0,0,0,0,0.0,0.0,0.0,0.0,0.00,0.00,0.00,0.00,44,False,12
2,4,0,0,0,0,0,0,0,0,0,0,0,0.0,0.0,0.0,0.0,0.00,0.00,0.00,0.00,44,True,16
2,5,0,0,0,0,0,0,0,0,0,0,0,0.0,0.0,0.0,0.0,0.00,0.00,0.00,0.00,44,True,13
2,6,0,0,0,0,0,0,0,0,0,0,0,0.0,0.0,0.0,0.0,0.00,0.00,0.00,0.00,43,False,15
2,7,0,0,0,0,0,0,0,0,0,0,0,0.0,0.0,0.0,0.0,0.00,0.00,0.00,0.00,43,True,19
2,8,0,0,0,0,0,0,0,0,0,0,0,0.0,0.0,0.0,0.0,0.00,0.00,0.00,0.00,43,False,10
2,9,0,0,0,0,0,0,0,0,0,0,0,0.0,0.0,0.0,0.0,0.00,0.00,0.00,0.00,43,True,8
2,10,0,0,0,0,0,0,0,0,0,0,0,0.0,0.0,0.0,0.0,0.00,0.00,0.00,0.00,42,False,3
2,11,0,0,0,0,0,0,0,0,0,0,0,0.0,0.0,0.0,0.0,0.00,0.00,0.00,0.00,42,False,17
2,12,0,0,0,0,0,0,0,0,0,0,0,0.0,0.0,0.0,0.0,0.00,0.00,0.00,0.00,42,True,18
2,13,0,0,0,0,0,0,0,0,0,0,0,0.0,0.0,0.0,0.0,0.00,0.00,0.00,0.00,42,False,7
2,14,0,0,0,0,0,0,0,0,0,0,0,0.0,0.0,0.0,0.0,0.00,0.00,0.00,0.00,42,True,5
2,15,0,0,0,0,0,0,0,0,0,0,0,0.0,0.0,0.0,0.0,0.00,0.00,0.00,0.00,42,False,2
2,16,0,0,0,0,0,0,0,0,0,0,0,0.0,0.0,0.0,0.0,0.00,0.00,0.00,0.00,41,True,20
2,17,0,0,0,0,0,0,0,0,0,0,0,0.0,0.0,0.0,0.0,0.00,0.00,0.00,0.00,41,False,9
2,18,0,0,0,0,0,0,0,0,0,0,0,0.0,0.0,0.0,0.0,0.00,0.00,0.00,0.00,41,True,6
2,19,0,0,0,0,0,0,0,0,0,0,0,0.0,0.0,0.0,0.0,0.00,0.00,0.00,0.00,41,True,2
2,20,0,0,0,0,0,0,0,0,0,0,0,0.0,0.0,0.0,0.0,0.00,0.00,0.00,0.00,41,False,4
2,21,0,0,0,0,0,0,0,0,0,0,0,0.0,0.0,0.0,0.0,0.00,0.00,0.00,0.00,41,True,12
2,22,0,0,0,0,0,0,0,0,0,0,0,0.0,0.0,0.0,0.0,0.00,0.00,0.00,0.00,41,False,16
2,23,0,0,0,0,0,0,0,0,0,0,0,0.0,0.0,0.0,0.0,0.00,0.00,0.00,0.00,41,True,14
2,24,0,0,0,0,0,0,0,0,0,0,0,0.0,0.0,0.0,0.0,0.00,0.00,0.00,0.00,41,False,11
2,25,0,0,0,0,0,0,0,0,0,0,0,0.0,0.0,0.0,0.0,0.00,0.00,0.00,0.00,41,True,17
2,26,0,0,0,0,0,0,0,0,0,0,0,0.0,0.0,0.0,0.0,0.00,0.00,0.00,0.00,41,False,5
2,26,0,0,0,0,0,0,0,0,0,0,0,0.0,0.0,0.0,0.0,0.00,0.00,0.00,0.00,41,False,20
20,1,0,0,0,0,0,0,0,0,0,0,0,0.0,0.0,0.0,0.0,0.00,0.00,0.00,0.00,70,False,14
20,2,37,1,0,0,0,0,0,0,0,0,4,3.1,5.4,21.5,4.0,0.07,0.03,0.10,0.00,70,True,11
20,3,0,0,0,0,0,0,0,0,0,0,0,0.0,0.0,0.0,0.0,0.00,0.00,0.00,0.00,69,False,12
20,4,11,4,0,1,0,0,0,0,0,0,12,3.2,17.2,10.5,4.0,0.00,0.26,0.26,0.10,69,True,16
20,5,83,2,0,0,0,1,0,0,0,0,13,2.9,7.6,4.3,17.0,0.14,0.07,0.21,0.89,69,True,13
20,6,87,2,0,0,0,1,0,0,0,0,5,3.1,2.4,17.0,12.0,0.33,0.12,0.45,0.58,69,False,15
20,7,74,3,0,0,1,0,0,0,0,0,16,5.9,10.8,28.5,20.0,0.12,0.09,0.21,0.36,69,True,19
20,8,80,10,1,0,1,0,0,0,0,2,28,10.7,33.2,18.2,56.0,0.60,0.07,0.67,0.40,69,False,10
20,9,90,3,0,0,1,0,0,0,0,0,4,4.6,4.8,7.7,33.0,0.34,0.05,0.39,0.47,69,True,8
20,10,90,6,0,1,1,0,0,0,0,0,23,7.6,30.2,29.0,17.0,0.27,0.15,0.42,0.37,69,False,3
20,11,90,9,1,0,0,2,0,0,0,2,32,6.7,35.4,20.3,11.0,0.05,0.31,0.36,0.44,69,False,17
20,12,77,12,1,1,0,1,0,0,0,2,39,11.3,58.2,25.8,29.0,0.22,0.08,0.30,0.06,69,True,18
20,13,0,0,0,0,0,0,0,0,0,0,0,0.0,0.0,0.0,0.0,0.00,0.00,0.00,0.00,69,False,7
20,14,0,0,0,0,0,0,0,0,0,0,0,0.0,0.0,0.0,0.0,0.00,0.00,0.00,0.00,69,True,5
20,15,40,6,1,0,0,0,0,0,0,0,23,9.6,37.0,0.6,58.0,0.46,0.01,0.47,0.49,69,False,2
20,16,33,1,0,0,0,1,0,0,0,0,9,5.4,9.6,38.2,6.0,0.03,0.21,0.24,0.09,69,True,20
20,17,79,3,0,0,1,0,0,0,0,0,6,2.0,2.0,10.0,8.0,0.29,0.03,0.32,0.20,69,False,9
20,18,81,2,0,0,0,1,0,0,0,0,11,8.5,8.0,46.5,30.0,0.51,0.26,0.77,0.85,69,True,6
20,19,90,13,1,1,0,1,0,0,0,3,40,13.7,62.2,42.5,32.0,0.63,0.25,0.88,2.67,69,True,2
20,20,23,1,0,0,0,1,0,0,0,0,2,1.4,8.4,0.5,5.0,0.02,0.00,0.02,0.06,70,False,4
20,21,63,2,0,0,1,0,1,0,0,0,7,1.3,2.4,1.7,9.0,0.09,0.05,0.14,0.21,70,True,12
20,22,45,1,0,0,0,0,0,0,0,0,4,0.4,2.0,2.1,0.0,0.00,0.01,0.01,0.14,69,False,16
20,23,74,2,0,0,0,2,0,0,0,0,9,1.7,0.2,12.5,4.0,0.07,0.01,0.08,0.44,69,True,14
20,24,80,3,0,0,1,0,0,0,0,0,13,3.1,11.0,15.5,4.0,0.02,0.15,0.17,0.12,68,False,11
20,25,88,6,0,1,1,0,0,0,0,0,23,10.5,34.8,49.7,20.0,0.14,0.19,0.33,0.17,68,True,17
20,26,0,0,0,0,0,0,0,0,0,0,0,0.0,0.0,0.0,0.0,0.00,0.00,0.00,0.00,68,False,5
20,26,0,0,0,0,0,0,0,0,0,0,0,0.0,0.0,0.0,0.0,0.00,0.00,0.00,0.00,68,False,20
21,1,82,6,0,1,1,0,0,0,0,0,14,1.2,2.6,1.3,8.0,0.13,0.01,0.14,1.04,65,False,14
21,2,90,6,0,1,1,0,0,0,0,0,26,7.7,25.2,50.0,2.0,0.00,0.54,0.54,0.17,65,True,11
21,3,90,4,0,0,0,1,0,0,0,0,13,3.9,13.2,22.7,3.0,0.02,0.10,0.12,0.52,65,False,12
21,4,22,1,0,0,0,0,0,0,0,0,1,0.7,3.4,1.3,2.0,0.00,0.03,0.03,0.10,65,True,16
21,5,90,3,0,0,0,1,0,0,0,1,22,5.6,18.8,37.0,0.0,0.00,0.16,0.16,0.89,65,True,13
21,6,90,9,0,1,0,1,0,0,0,2,33,10.5,47.6,53.7,4.0,0.00,0.20,0.20,0.61,65,False,15
21,7,78,11,1,0,1,0,0,0,0,3,45,10.9,45.6,40.4,23.0,0.32,0.12,0.44,0.36,65,True,19
21,8,90,3,0,0,1,0,0,0,0,0,10,3.6,15.6,19.5,1.0,0.03,0.08,0.11,0.44,65,False,10
21,9,81,7,0,1,1,0,0,0,0,1,27,9.1,21.2,40.8,29.0,0.37,0.61,0.98,0.46,66,True,8
21,10,90,13,1,0,1,0,0,0,0,3,47,10.4,58.2,28.5,17.0,0.24,0.33,0.57,0.42,67,False,3
21,11,90,2,0,0,0,2,0,0,0,0,16,5.5,22.0,22.8,10.0,0.07,0.20,0.27,0.44,68,False,17
21,12,90,6,0,1,0,1,1,0,0,0,27,9.5,37.0,40.8,17.0,0.26,0.38,0.64,0.07,69,True,18
21,13,90,4,0,0,0,1,0,0,0,0,16,4.7,28.0,19.3,0.0,0.00,0.07,0.07,0.79,70,False,7
21,14,82,3,0,0,1,0,0,0,0,0,19,7.2,15.4,40.8,16.0,0.08,0.13,0.21,0.27,70,True,5
21,15,90,6,0,0,0,2,0,0,0,2,30,8.6,36.6,37.7,12.0,0.14,0.13,0.27,2.16,71,False,2
21,16,90,2,0,0,0,1,0,0,0,0,12,5.2,9.2,26.4,16.0,0.14,0.13,0.27,0.38,71,True,20
21,17,90,11,0,1,1,0,0,0,0,3,32,5.7,24.0,29.8,3.0,0.02,0.20,0.22,0.20,71,False,9
21,18,90,5,0,1,0,1,0,0,0,0,22,5.3,13.4,23.2,16.0,0.24,0.15,0.39,0.85,72,True,6
21,19,0,0,0,0,0,0,0,0,0,0,0,0.0,0.0,0.0,0.0,0.00,0.00,0.00,0.00,72,True,2
21,20,90,17,2,0,0,2,0,0,0,3,58,12.1,81.2,15.9,24.0,0.53,0.06,0.59,1.43,71,False,4
21,21,90,3,0,0,1,0,0,0,0,0,20,5.4,18.2,28.8,7.0,0.07,0.15,0.22,0.36,72,True,12
21,22,90,3,0,0,1,0,0,0,0,0,25,11.1,39.0,50.8,21.0,0.12,0.44,0.56,0.34,73,False,16
21,23,90,1,0,0,0,3,1,0,0,0,18,8.3,18.4,54.5,10.0,0.11,0.47,0.58,0.71,74,True,14
21,24,90,3,0,0,1,0,0,0,0,0,20,6.7,19.0,44.4,4.0,0.00,0.40,0.40,0.15,74,False,11
21,25,90,5,0,0,1,0,0,0,0,0,16,5.6,16.4,36.2,3.0,0.03,0.16,0.19,0.19,75,True,17
21,26,0,0,0,0,0,0,0,0,0,0,0,0.0,0.0,0.0,0.0,0.00,0.00,0.00,0.00,75,False,5
21,26,0,0,0,0,0,0,0,0,0,0,0,0.0,0.0,0.0,0.0,0.00,0.00,0.00,0.00,75,False,20
22,1,7,1,0,0,0,0,0,0,0,0,2,0.1,1.2,0.0,0.0,0.00,0.00,0.00,0.49,60,False,14
22,2,0,0,0,0,0,0,0,0,0,0,0,0.0,0.0,0.0,0.0,0.00,0.00,0.00,0.00,60,True,11
22,3,69,3,0,0,1,0,0,0,0,0,6,0.8,5.2,2.3,0.0,0.00,0.02,0.02,0.28,59,False,12
22,4,90,3,0,0,1,0,0,0,0,0,15,6.7,13.2,20.3,33.0,0.13,0.07,0.20,0.20,59,True,16
22,5,45,1,0,0,0,1,0,0,0,0,6,2.6,8.8,17.3,0.0,0.00,0.03,0.03,0.55,59,True,13
22,6,20,6,1,0,0,0,0,0,0,0,23,5.4,35.2,0.1,19.0,0.05,0.00,0.05,0.08,59,False,15
22,7,11,1,0,0,0,0,0,0,0,0,0,1.2,0.0,3.7,12.0,0.16,0.00,0.16,0.13,59,True,19
22,8,28,1,0,0,0,0,0,0,0,0,5,1.1,5.4,1.1,4.0,0.00,0.01,0.01,0.04,59,False,10
22,9,8,1,0,0,0,0,0,0,0,0,4,0.4,4.0,0.3,0.0,0.00,0.00,0.00,0.01,59,True,8
22,10,45,1,0,0,0,0,0,0,0,0,4,1.5,2.6,12.8,0.0,0.00,0.05,0.05,0.42,59,False,3
22,11,90,5,0,1,0,2,0,0,0,0,15,5.5,22.8,16.6,16.0,0.38,0.05,0.43,0.44,59,False,17
22,12,87,5,0,1,0,1,0,0,0,0,24,4.5,24.4,15.8,5.0,0.06,0.44,0.50,0.07,59,True,18
22,13,90,9,1,0,0,1,0,0,0,2,28,7.2,34.2,2.3,35.0,0.65,0.02,0.67,0.79,59,False,7
22,14,90,13,1,1,1,0,0,0,0,2,42,12.2,66.8,25.8,29.0,0.66,0.18,0.84,0.35,59,True,5
22,15,45,1,0,0,0,1,0,0,0,0,4,0.8,4.0,1.6,2.0,0.00,0.01,0.01,0.87,60,False,2
22,16,32,1,0,0,0,1,0,0,0,0,5,1.4,5.8,3.5,5.0,0.05,0.00,0.05,0.09,61,True,20
22,17,2,1,0,0,0,0,0,0,0,0,2,0.0,0.0,0.1,0.0,0.00,0.00,0.00,0.00,60,False,9
22,18,90,2,0,0,0,1,0,0,0,0,12,3.2,8.0,14.9,9.0,0.10,0.02,0.12,0.85,59,True,6
22,19,72,2,0,0,1,0,1,0,0,0,6,5.4,14.8,34.9,4.0,0.00,0.03,0.03,0.55,58,True,2
22,20,10,1,0,0,0,0,0,0,0,0,6,1.9,5.8,0.7,12.0,0.05,0.00,0.05,0.01,58,False,4
22,21,0,0,0,0,0,0,0,0,0,0,0,0.0,0.0,0.0,0.0,0.00,0.00,0.00,0.00,57,True,12
22,22,33,1,0,0,0,0,0,0,0,0,3,2.3,3.4,11.6,8.0,0.21,0.50,0.71,0.10,56,False,16
22,23,32,7,1,0,0,1,0,0,0,1,26,8.4,38.8,1.3,44.0,0.49,0.02,0.51,0.27,55,True,14
22,24,0,0,0,0,0,0,0,0,0,0,0,0.0,0.0,0.0,0.0,0.00,0.00,0.00,0.00,55,False,11
22,25,0,0,0,0,0,0,0,0,0,0,0,0.0,0.0,0.0,0.0,0.00,0.00,0.00,0.00,55,True,17
22,26,0,0,0,0,0,0,0,0,0,0,0,0.0,0.0,0.0,0.0,0.00,0.00,0.00,0.00,54,False,5
22,26,0,0,0,0,0,0,0,0,0,0,0,0.0,0.0,0.0,0.0,0.00,0.00,0.00,0.00,54,False,20
23,1,0,0,0,0,0,0,0,0,0,0,0,0.0,0.0,0.0,0.0,0.00,0.00,0.00,0.00,55,False,14
23,2,0,0,0,0,0,0,0,0,0,0,0,0.0,0.0,0.0,0.0,0.00,0.00,0.00,0.00,55,True,11
23,3,0,0,0,0,0,0,0,0,0,0,0,0.0,0.0,0.0,0.0,0.00,0.00,0.00,0.00,54,False,12
23,4,0,0,0,0,0,0,0,0,0,0,0,0.0,0.0,0.0,0.0,0.00,0.00,0.00,0.00,54,True,16
23,5,0,0,0,0,0,0,0,0,0,0,0,0.0,0.0,0.0,0.0,0.00,0.00,0.00,0.00,54,True,13
23,6,0,0,0,0,0,0,0,0,0,0,0,0.0,0.0,0.0,0.0,0.00,0.00,0.00,0.00,54,False,15
23,7,0,0,0,0,0,0,0,0,0,0,0,0.0,0.0,0.0,0.0,0.00,0.00,0.00,0.00,54,True,19
23,8,0,0,0,0,0,0,0,0,0,0,0,0.0,0.0,0.0,0.0,0.00,0.00,0.00,0.00,54,False,10
23,9,0,0,0,0,0,0,0,0,0,0,0,0.0,0.0,0.0,0.0,0.00,0.00,0.00,0.00,54,True,8
23,10,0,0,0,0,0,0,0,0,0,0,0,0.0,0.0,0.0,0.0,0.00,0.00,0.00,0.00,54,False,3
23,11,0,0,0,0,0,0,0,0,0,0,0,0.0,0.0,0.0,0.0,0.00,0.00,0.00,0.00,54,False,17
23,12,0,0,0,0,0,0,0,0,0,0,0,0.0,0.0,0.0,0.0,0.00,0.00,0.00,0.00,54,True,18
23,13,0,0,0,0,0,0,0,0,0,0,0,0.0,0.0,0.0,0.0,0.00,0.00,0.00,0.00,54,False,7
23,14,0,0,0,0,0,0,0,0,0,0,0,0.0,0.0,0.0,0.0,0.00,0.00,0.00,0.00,54,True,5
23,15,0,0,0,0,0,0,0,0,0,0,0,0.0,0.0,0.0,0.0,0.00,0.00,0.00,0.00,54,False,2
23,16,0,0,0,0,0,0,0,0,0,0,0,0.0,0.0,0.0,0.0,0.00,0.00,0.00,0.00,54,True,20
23,17,0,0,0,0,0,0,0,0,0,0,0,0.0,0.0,0.0,0.0,0.00,0.00,0.00,0.00,54,False,9
23,18,0,0,0,0,0,0,0,0,0,0,0,0.0,0.0,0.0,0.0,0.00,0.00,0.00,0.00,54,True,6
23,19,0,0,0,0,0,0,0,0,0,0,0,0.0,0.0,0.0,0.0,0.00,0.00,0.00,0.00,54,True,2
23,20,0,0,0,0,0,0,0,0,0,0,0,0.0,0.0,0.0,0.0,0.00,0.00,0.00,0.00,54,False,4
23,21,0,0,0,0,0,0,0,0,0,0,0,0.0,0.0,0.0,0.0,0.00,0.00,0.00,0.00,54,True,12
23,22,0,0,0,0,0,0,0,0,0,0,0,0.0,0.0,0.0,0.0,0.00,0.00,0.00,0.00,54,False,16
23,23,0,0,0,0,0,0,0,0,0,0,0,0.0,0.0,0.0,0.0,0.00,0.00,0.00,0.00,54,True,14
23,24,0,0,0,0,0,0,0,0,0,0,0,0.0,0.0,0.0,0.0,0.00,0.00,0.00,0.00,54,False,11
23,25,0,0,0,0,0,0,0,0,0,0,0,0.0,0.0,0.0,0.0,0.00,0.00,0.00,0.00,54,True,17
23,26,0,0,0,0,0,0,0,0,0,0,0,0.0,0.0,0.0,0.0,0.00,0.00,0.00,0.00,54,False,5
23,26,0,0,0,0,0,0,0,0,0,0,0,0.0,0.0,0.0,0.0,0.00,0.00,0.00,0.00,54,False,20
24,1,0,0,0,0,0,0,0,0,0,0,0,0.0,0.0,0.0,0.0,0.00,0.00,0.00,0.00,55,False,14
24,2,0,0,0,0,0,0,0,0,0,0,0,0.0,0.0,0.0,0.0,0.00,0.00,0.00,0.00,55,True,11
24,3,0,0,0,0,0,0,0,0,0,0,0,0.0,0.0,0.0,0.0,0.00,0.00,0.00,0.00,54,False,12
24,4,0,0,0,0,0,0,0,0,0,0,0,0.0,0.0,0.0,0.0,0.00,0.00,0.00,0.00,54,True,16
24,5,0,0,0,0,0,0,0,0,0,0,0,0.0,0.0,0.0,0.0,0.00,0.00,0.00,0.00,54,True,13
24,6,0,0,0,0,0,0,0,0,0,0,0,0.0,0.0,0.0,0.0,0.00,0.00,0.00,0.00,53,False,15
24,7,0,0,0,0,0,0,0,0,0,0,0,0.0,0.0,0.0,0.0,0.00,0.00,0.00,0.00,53,True,19
24,8,1,1,0,0,0,0,0,0,0,0,3,0.1,1.0,0.0,0.0,0.00,0.00,0.00,0.00,53,False,10
24,9,0,0,0,0,0,0,0,0,0,0,0,0.0,0.0,0.0,0.0,0.00,0.00,0.00,0.00,53,True,8
24,10,13,1,0,0,0,0,0,0,0,0,4,1.3,5.4,0.1,7.0,0.05,0.00,0.05,0.05,52,False,3
24,11,0,0,0,0,0,0,0,0,0,0,0,0.0,0.0,0.0,0.0,0.00,0.00,0.00,0.00,52,False,17
24,12,0,0,0,0,0,0,0,0,0,0,0,0.0,0.0,0.0,0.0,0.00,0.00,0.00,0.00,52,True,18
24,13,0,0,0,0,0,0,0,0,0,0,0,0.0,0.0,0.0,0.0,0.00,0.00,0.00,0.00,52,False,7
24,14,0,0,0,0,0,0,0,0,0,0,0,0.0,0.0,0.0,0.0,0.00,0.00,0.00,0.00,52,True,5
24,15,0,0,0,0,0,0,0,0,0,0,0,0.0,0.0,0.0,0.0,0.00,0.00,0.00,0.00,52,False,2
24,16,0,0,0,0,0,0,0,0,0,0,0,0.0,0.0,0.0,0.0,0.00,0.00,0.00,0.00,52,True,20
24,17,0,0,0,0,0,0,0,0,0,0,0,0.0,0.0,0.0,0.0,0.00,0.00,0.00,0.00,52,False,9
24,18,0,0,0,0,0,0,0,0,0,0,0,0.0,0.0,0.0,0.0,0.00,0.00,0.00,0.00,52,True,6
24,19,17,1,0,0,0,1,0,0,0,0,4,0.9,8.2,0.3,0.0,0.00,0.00,0.00,2.11,51,True,2
24,20,0,0,0,0,0,0,0,0,0,0,0,0.0,0.0,0.0,0.0,0.00,0.00,0.00,0.00,51,False,4
24,21,0,0,0,0,0,0,0,0,0,0,0,0.0,0.0,0.0,0.0,0.00,0.00,0.00,0.00,51,True,12
24,22,0,0,0,0,0,0,0,0,0,0,0,0.0,0.0,0.0,0.0,0.00,0.00,0.00,0.00,51,False,16
24,23,0,0,0,0,0,0,0,0,0,0,0,0.0,0.0,0.0,0.0,0.00,0.00,0.00,0.00,51,True,14
24,24,0,0,0,0,0,0,0,0,0,0,0,0.0,0.0,0.0,0.0,0.00,0.00,0.00,0.00,51,False,11
24,25,1,1,0,0,0,0,0,0,0,0,3,0.1,1.0,0.0,0.0,0.00,0.00,0.00,0.02,51,True,17
24,26,0,0,0,0,0,0,0,0,0,0,0,0.0,0.0,0.0,0.0,0.00,0.00,0.00,0.00,51,False,5
24,26,0,0,0,0,0,0,0,0,0,0,0,0.0,0.0,0.0,0.0,0.00,0.00,0.00,0.00,51,False,20
25,1,0,0,0,0,0,0,0,0,0,0,0,0.0,0.0,0.0,0.0,0.00,0.00,0.00,0.00,55,False,14
25,2,52,1,0,0,0,0,0,0,0,0,3,1.2,5.6,1.8,5.0,0.02,0.01,0.03,0.00,55,True,11
25,3,0,0,0,0,0,0,0,0,0,0,0,0.0,0.0,0.0,0.0,0.00,0.00,0.00,0.00,54,False,12
25,4,72,3,0,0,1,0,0,0,0,0,8,3.6,2.4,18.7,15.0,0.15,0.03,0.18,0.20,54,True,16
25,5,6,1,0,0,0,0,0,0,0,0,3,0.1,0.2,0.4,0.0,0.00,0.00,0.00,0.00,53,True,13
25,6,0,0,0,0,0,0,0,0,0,0,0,0.0,0.0,0.0,0.0,0.00,0.00,0.00,0.00,53,False,15
25,7,15,1,0,0,0,0,0,0,0,0,1,0.1,0.0,1.1,1.0,0.02,0.04,0.06,0.13,53,True,19
25,8,0,0,0,0,0,0,0,0,0,0,0,0.0,0.0,0.0,0.0,0.00,0.00,0.00,0.00,52,False,10
25,9,0,0,0,0,0,0,0,0,0,0,0,0.0,0.0,0.0,0.0,0.00,0.00,0.00,0.00,52,True,8
25,10,18,1,0,0,0,0,0,0,0,0,2,0.4,0.2,0.4,3.0,0.04,0.00,0.04,0.40,52,False,3
25,11,0,0,0,0,0,0,0,0,0,0,0,0.0,0.0,0.0,0.0,0.00,0.00,0.00,0.00,52,False,17
25,12,2,1,0,0,0,0,0,0,0,0,3,0.0,0.2,0.1,0.0,0.00,0.00,0.00,0.00,51,True,18
25,13,0,0,0,0,0,0,0,0,0,0,0,0.0,0.0,0.0,0.0,0.00,0.00,0.00,0.00,51,False,7
25,14,0,0,0,0,0,0,0,0,0,0,0,0.0,0.0,0.0,0.0,0.00,0.00,0.00,0.00,51,True,5
25,15,0,0,0,0,0,0,0,0,0,0,0,0.0,0.0,0.0,0.0,0.00,0.00,0.00,0.00,51,False,2
25,16,0,0,0,0,0,0,0,0,0,0,0,0.0,0.0,0.0,0.0,0.00,0.00,0.00,0.00,51,True,20
25,17,0,0,0,0,0,0,0,0,0,0,0,0.0,0.0,0.0,0.0,0.00,0.00,0.00,0.00,51,False,9
25,18,0,0,0,0,0,0,0,0,0,0,0,0.0,0.0,0.0,0.0,0.00,0.00,0.00,0.00,51,True,6
25,19,0,0,0,0,0,0,0,0,0,0,0,0.0,0.0,0.0,0.0,0.00,0.00,0.00,0.00,51,True,2
25,20,0,0,0,0,0,0,0,0,0,0,0,0.0,0.0,0.0,0.0,0.00,0.00,0.00,0.00,50,False,4
25,21,0,0,0,0,0,0,0,0,0,0,0,0.0,0.0,0.0,0.0,0.00,0.00,0.00,0.00,50,True,12
25,22,0,0,0,0,0,0,0,0,0,0,0,0.0,0.0,0.0,0.0,0.00,0.00,0.00,0.00,50,False,16
25,23,0,0,0,0,0,0,0,0,0,0,0,0.0,0.0,0.0,0.0,0.00,0.00,0.00,0.00,50,True,14
25,24,0,0,0,0,0,0,0,0,0,0,0,0.0,0.0,0.0,0.0,0.00,0.00,0.00,0.00,50,False,11
25,25,0,0,0,0,0,0,0,0,0,0,0,0.0,0.0,0.0,0.0,0.00,0.00,0.00,0.00,50,True,17
25,26,0,0,0,0,0,0,0,0,0,0,0,0.0,0.0,0.0,0.0,0.00,0.00,0.00,0.00,50,False,5
25,26,0,0,0,0,0,0,0,0,0,0,0,0.0,0.0,0.0,0.0,0.00,0.00,0.00,0.00,50,False,20
26,1,90,5,0,0,1,0,0,0,0,0,15,2.0,16.0,1.9,2.0,0.00,0.01,0.01,1.52,55,False,14
26,2,90,3,0,0,1,0,0,0,0,0,12,1.4,6.4,6.9,1.0,0.02,0.02,0.04,0.17,55,True,11
26,3,90,1,0,0,0,1,1,0,0,0,4,0.9,1.4,2.6,5.0,0.03,0.02,0.05,0.52,55,False,12
26,4,90,16,2,0,1,0,0,0,0,3,52,10.8,68.6,14.5,25.0,0.16,0.03,0.19,0.20,54,True,16
26,5,90,2,0,0,0,1,0,0,0,0,13,4.0,8.6,19.0,12.0,0.05,0.04,0.09,0.89,54,True,13
26,6,81,2,0,0,0,1,0,0,0,0,24,5.0,17.8,31.9,0.0,0.00,0.52,0.52,0.53,55,False,15
26,7,60,3,0,0,1,0,0,0,0,0,20,4.1,22.6,18.4,0.0,0.00,0.16,0.16,0.15,55,True,19
26,8,90,3,0,0,1,0,0,0,0,0,12,2.9,11.2,15.6,2.0,0.00,0.06,0.06,0.44,55,False,10
26,9,90,5,0,0,1,0,0,0,0,0,15,3.4,18.2,15.5,0.0,0.00,0.03,0.03,0.47,55,True,8
26,10,76,3,0,0,1,0,0,0,0,0,10,2.2,7.6,14.8,0.0,0.00,0.02,0.02,0.37,55,False,3
26,11,90,5,0,1,0,2,1,0,0,1,27,9.0,36.2,27.8,26.0,0.28,0.09,0.37,0.44,54,False,17
26,12,90,2,0,0,0,1,0,0,0,0,12,2.8,8.8,16.7,2.0,0.05,0.01,0.06,0.07,54,True,18
26,13,56,0,0,0,0,1,1,0,0,0,1,1.4,2.2,11.4,0.0,0.00,0.01,0.01,0.52,54,False,7
26,14,90,3,0,0,1,0,0,0,0,0,18,1.3,8.6,4.1,0.0,0.00,0.02,0.02,0.35,53,True,5
26,15,90,2,0,0,0,2,0,0,0,0,14,1.6,13.2,2.8,0.0,0.00,0.02,0.02,2.16,53,False,2
26,16,57,1,0,0,0,0,0,0,0,0,6,2.2,5.4,16.9,0.0,0.00,0.03,0.03,0.28,53,True,20
26,17,90,3,0,0,1,0,0,0,0,0,13,2.6,8.8,7.4,10.0,0.14,0.03,0.17,0.20,52,False,9
26,18,90,2,0,0,0,1,0,0,0,0,20,6.9,28.8,16.9,23.0,0.42,0.06,0.48,0.85,52,True,6
26,19,90,8,1,0,0,1,0,0,0,1,37,10.4,45.2,24.9,34.0,0.72,0.08,0.80,2.67,52,True,2
26,20,90,3,0,0,0,2,1,0,0,0,19,3.9,21.4,17.4,0.0,0.00,0.08,0.08,1.43,52,False,4
26,21,90,5,0,0,1,0,0,0,0,0,16,2.4,17.8,3.8,2.0,0.00,0.11,0.11,0.36,52,True,12
26,22,78,3,0,0,1,0,0,0,0,0,13,1.6,12.8,1.5,2.0,0.00,0.01,0.01,0.28,52,False,16
26,23,57,1,0,0,0,2,0,0,0,0,8,5.2,10.0,1.8,40.0,0.31,0.01,0.32,0.44,52,True,14
26,24,90,10,1,0,1,0,0,0,0,2,35,8.3,45.4,2.6,35.0,0.35,0.01,0.36,0.15,52,False,11
26,25,90,10,1,0,1,0,0,0,0,2,39,5.6,41.4,5.7,9.0,0.03,0.04,0.07,0.19,52,True,17
26,26,0,0,0,0,0,0,0,0,0,0,0,0.0,0.0,0.0,0.0,0.00,0.00,0.00,0.00,53,False,5
26,26,0,0,0,0,0,0,0,0,0,0,0,0.0,0.0,0.0,0.0,0.00,0.00,0.00,0.00,53,False,20
266,1,83,3,0,0,1,0,0,0,0,0,10,3.6,7.2,2.6,26.0,0.24,0.00,0.24,1.22,75,False,7
266,2,0,0,0,0,0,0,0,0,0,0,0,0.0,0.0,0.0,0.0,0.00,0.00,0.00,0.00,75,True,16
266,3,20,1,0,0,0,1,0,0,0,0,4,0.7,1.8,2.8,2.0,0.00,0.03,0.03,0.25,75,False,12
266,4,78,6,0,1,1,0,0,0,0,0,19,4.8,20.4,16.3,11.0,0.06,0.44,0.50,0.10,75,True,16
266,5,45,4,0,1,0,0,0,0,0,0,16,6.2,24.6,16.6,21.0,0.14,0.23,0.37,0.34,75,True,13
266,6,90,2,0,0,0,1,0,0,0,0,11,7.5,10.6,17.1,47.0,0.42,0.09,0.51,0.61,75,False,15
266,7,78,6,0,1,1,0,0,0,0,0,22,4.7,5.6,6.8,35.0,0.49,0.05,0.54,0.36,76,True,19
266,8,61,3,0,0,1,0,0,0,0,0,9,3.1,6.2,21.0,4.0,0.01,0.03,0.04,0.40,76,False,10
266,9,87,11,1,0,1,0,0,0,0,3,32,6.6,42.6,4.6,19.0,0.08,0.02,0.10,0.46,76,True,8
266,10,71,3,0,0,1,0,0,0,0,0,9,1.1,3.2,2.9,5.0,0.12,0.01,0.13,0.02,76,False,3
266,11,87,2,0,0,0,1,0,0,0,0,14,5.1,4.8,14.2,32.0,0.32,0.05,0.37,0.33,76,False,17
266,12,90,20,3,0,0,1,0,0,0,3,81,20.5,110.2,18.0,77.0,0.66,0.37,1.03,0.07,76,True,18
266,13,71,2,0,0,0,1,0,0,0,0,14,1.9,6.6,12.4,0.0,0.00,0.03,0.03,0.62,77,False,7
266,14,29,1,0,0,0,0,0,0,0,0,5,1.5,4.2,11.0,0.0,0.00,0.02,0.02,0.07,78,True,5
266,15,45,1,0,0,0,1,0,0,0,0,4,0.1,0.0,1.3,0.0,0.00,0.01,0.01,0.87,78,False,2
266,16,56,1,0,0,0,0,0,0,0,0,4,1.7,4.4,10.9,2.0,0.00,0.03,0.03,0.28,78,True,20
266,17,0,0,0,0,0,0,0,0,0,0,0,0.0,0.0,0.0,0.0,0.00,0.00,0.00,0.00,77,False,9
266,18,0,0,0,0,0,0,0,0,0,0,0,0.0,0.0,0.0,0.0,0.00,0.00,0.00,0.00,76,True,6
266,19,0,0,0,0,0,0,0,0,0,0,0,0.0,0.0,0.0,0.0,0.00,0.00,0.00,0.00,75,True,2
266,20,0,0,0,0,0,0,0,0,0,0,0,0.0,0.0,0.0,0.0,0.00,0.00,0.00,0.00,74,False,4
266,21,12,1,0,0,0,0,0,0,0,0,4,0.1,0.2,0.3,0.0,0.00,0.00,0.00,0.06,74,True,12
266,22,11,1,0,0,0,0,0,0,0,0,5,0.4,2.2,0.1,2.0,0.00,0.00,0.00,0.07,73,False,16
266,23,32,0,0,0,0,1,1,0,0,0,-1,2.4,2.0,18.0,4.0,0.00,0.26,0.26,0.27,73,True,14
266,24,9,1,0,0,0,0,0,0,0,0,4,0.2,1.6,0.1,0.0,0.00,0.00,0.00,0.03,73,False,11
266,25,23,1,0,0,0,0,0,0,0,0,4,1.1,0.0,1.2,10.0,0.06,0.01,0.07,0.02,72,True,17
266,26,0,0,0,0,0,0,0,0,0,0,0,0.0,0.0,0.0,0.0,0.00,0.00,0.00,0.00,72,False,5
266,26,0,0,0,0,0,0,0,0,0,0,0,0.0,0.0,0.0,0.0,0.00,0.00,0.00,0.00,72,False,20
28,1,0,0,0,0,0,0,0,0,0,0,0,0.0,0.0,0.0,0.0,0.00,0.00,0.00,0.00,45,False,14
28,2,0,0,0,0,0,0,0,0,0,0,0,0.0,0.0,0.0,0.0,0.00,0.00,0.00,0.00,45,True,11
28,3,0,0,0,0,0,0,0,0,0,0,0,0.0,0.0,0.0,0.0,0.00,0.00,0.00,0.00,45,False,12
28,4,0,0,0,0,0,0,0,0,0,0,0,0.0,0.0,0.0,0.0,0.00,0.00,0.00,0.00,45,True,16
28,5,0,0,0,0,0,0,0,0,0,0,0,0.0,0.0,0.0,0.0,0.00,0.00,0.00,0.00,45,True,13
28,6,0,0,0,0,0,0,0,0,0,0,0,0.0,0.0,0.0,0.0,0.00,0.00,0.00,0.00,45,False,15
28,7,0,0,0,0,0,0,0,0,0,0,0,0.0,0.0,0.0,0.0,0.00,0.00,0.00,0.00,45,True,19
28,8,0,0,0,0,0,0,0,0,0,0,0,0.0,0.0,0.0,0.0,0.00,0.00,0.00,0.00,45,False,10
28,9,0,0,0,0,0,0,0,0,0,0,0,0.0,0.0,0.0,0.0,0.00,0.00,0.00,0.00,45,True,8
28,10,0,0,0,0,0,0,0,0,0,0,0,0.0,0.0,0.0,0.0,0.00,0.00,0.00,0.00,45,False,3
28,11,0,0,0,0,0,0,0,0,0,0,0,0.0,0.0,0.0,0.0,0.00,0.00,0.00,0.00,45,False,17
28,12,0,0,0,0,0,0,0,0,0,0,0,0.0,0.0,0.0,0.0,0.00,0.00,0.00,0.00,45,True,18
28,13,0,0,0,0,0,0,0,0,0,0,0,0.0,0.0,0.0,0.0,0.00,0.00,0.00,0.00,45,False,7
28,14,0,0,0,0,0,0,0,0,0,0,0,0.0,0.0,0.0,0.0,0.00,0.00,0.00,0.00,45,True,5
28,15,0,0,0,0,0,0,0,0,0,0,0,0.0,0.0,0.0,0.0,0.00,0.00,0.00,0.00,45,False,2
28,16,0,0,0,0,0,0,0,0,0,0,0,0.0,0.0,0.0,0.0,0.00,0.00,0.00,0.00,45,True,20
28,17,0,0,0,0,0,0,0,0,0,0,0,0.0,0.0,0.0,0.0,0.00,0.00,0.00,0.00,45,False,9
28,18,0,0,0,0,0,0,0,0,0,0,0,0.0,0.0,0.0,0.0,0.00,0.00,0.00,0.00,45,True,6
28,19,0,0,0,0,0,0,0,0,0,0,0,0.0,0.0,0.0,0.0,0.00,0.00,0.00,0.00,45,True,2
28,20,0,0,0,0,0,0,0,0,0,0,0,0.0,0.0,0.0,0.0,0.00,0.00,0.00,0.00,45,False,4
28,21,0,0,0,0,0,0,0,0,0,0,0,0.0,0.0,0.0,0.0,0.00,0.00,0.00,0.00,45,True,12
28,22,0,0,0,0,0,0,0,0,0,0,0,0.0,0.0,0.0,0.0,0.00,0.00,0.00,0.00,45,False,16
28,23,0,0,0,0,0,0,0,0,0,0,0,0.0,0.0,0.0,0.0,0.00,0.00,0.00,0.00,45,True,14
28,24,0,0,0,0,0,0,0,0,0,0,0,0.0,0.0,0.0,0.0,0.00,0.00,0.00,0.00,45,False,11
28,25,0,0,0,0,0,0,0,0,0,0,0,0.0,0.0,0.0,0.0,0.00,0.00,0.00,0.00,45,True,17
28,26,0,0,0,0,0,0,0,0,0,0,0,0.0,0.0,0.0,0.0,0.00,0.00,0.00,0.00,45,False,5
28,26,0,0,0,0,0,0,0,0,0,0,0,0.0,0.0,0.0,0.0,0.00,0.00,0.00,0.00,45,False,20
29,1,0,0,0,0,0,0,0,0,0,0,0,0.0,0.0,0.0,0.0,0.00,0.00,0.00,0.00,45,False,14
29,2,0,0,0,0,0,0,0,0,0,0,0,0.0,0.0,0.0,0.0,0.00,0.00,0.00,0.00,45,True,11
29,3,0,0,0,0,0,0,0,0,0,0,0,0.0,0.0,0.0,0.0,0.00,0.00,0.00,0.00,45,False,12
29,4,0,0,0,0,0,0,0,0,0,0,0,0.0,0.0,0.0,0.0,0.00,0.00,0.00,0.00,45,True,16
29,5,0,0,0,0,0,0,0,0,0,0,0,0.0,0.0,0.0,0.0,0.00,0.00,0.00,0.00,45,True,13
29,6,0,0,0,0,0,0,0,0,0,0,0,0.0,0.0,0.0,0.0,0.00,0.00,0.00,0.00,45,False,15
29,7,0,0,0,0,0,0,0,0,0,0,0,0.0,0.0,0.0,0.0,0.00,0.00,0.00,0.00,45,True,19
29,8,0,0,0,0,0,0,0,0,0,0,0,0.0,0.0,0.0,0.0,0.00,0.00,0.00,0.00,45,False,10
29,9,0,0,0,0,0,0,0,0,0,0,0,0.0,0.0,0.0,0.0,0.00,0.00,0.00,0.00,45,True,8
29,10,0,0,0,0,0,0,0,0,0,0,0,0.0,0.0,0.0,0.0,0.00,0.00,0.00,0.00,45,False,3
29,11,0,0,0,0,0,0,0,0,0,0,0,0.0,0.0,0.0,0.0,0.00,0.00,0.00,0.00,45,False,17
29,12,0,0,0,0,0,0,0,0,0,0,0,0.0,0.0,0.0,0.0,0.00,0.00,0.00,0.00,45,True,18
29,13,0,0,0,0,0,0,0,0,0,0,0,0.0,0.0,0.0,0.0,0.00,0.00,0.00,0.00,45,False,7
29,14,0,0,0,0,0,0,0,0,0,0,0,0.0,0.0,0.0,0.0,0.00,0.00,0.00,0.00,45,True,5
29,15,0,0,0,0,0,0,0,0,0,0,0,0.0,0.0,0.0,0.0,0.00,0.00,0.00,0.00,45,False,2
29,16,0,0,0,0,0,0,0,0,0,0,0,0.0,0.0,0.0,0.0,0.00,0.00,0.00,0.00,45,True,20
29,17,0,0,0,0,0,0,0,0,0,0,0,0.0,0.0,0.0,0.0,0.00,0.00,0.00,0.00,45,False,9
29,18,0,0,0,0,0,0,0,0,0,0,0,0.0,0.0,0.0,0.0,0.00,0.00,0.00,0.00,45,True,6
29,19,0,0,0,0,0,0,0,0,0,0,0,0.0,0.0,0.0,0.0,0.00,0.00,0.00,0.00,45,True,2
29,20,0,0,0,0,0,0,0,0,0,0,0,0.0,0.0,0.0,0.0,0.00,0.00,0.00,0.00,45,False,4
29,21,0,0,0,0,0,0,0,0,0,0,0,0.0,0.0,0.0,0.0,0.00,0.00,0.00,0.00,45,True,12
29,22,0,0,0,0,0,0,0,0,0,0,0,0.0,0.0,0.0,0.0,0.00,0.00,0.00,0.00,45,False,16
29,23,0,0,0,0,0,0,0,0,0,0,0,0.0,0.0,0.0,0.0,0.00,0.00,0.00,0.00,45,True,14
29,24,0,0,0,0,0,0,0,0,0,0,0,0.0,0.0,0.0,0.0,0.00,0.00,0.00,0.00,45,False,11
29,25,0,0,0,0,0,0,0,0,0,0,0,0.0,0.0,0.0,0.0,0.00,0.00,0.00,0.00,45,True,17
29,26,0,0,0,0,0,0,0,0,0,0,0,0.0,0.0,0.0,0.0,0.00,0.00,0.00,0.00,45,False,5
29,26,0,0,0,0,0,0,0,0,0,0,0,0.0,0.0,0.0,0.0,0.00,0.00,0.00,0.00,45,False,20
3,1,0,0,0,0,0,0,0,0,0,0,0,0.0,0.0,0.0,0.0,0.00,0.00,0.00,0.00,40,False,14
3,2,0,0,0,0,0,0,0,0,0,0,0,0.0,0.0,0.0,0.0,0.00,0.00,0.00,0.00,40,True,11
3,3,0,0,0,0,0,0,0,0,0,0,0,0.0,0.0,0.0,0.0,0.00,0.00,0.00,0.00,40,False,12
3,4,0,0,0,0,0,0,0,0,0,0,0,0.0,0.0,0.0,0.0,0.00,0.00,0.00,0.00,40,True,16
3,5,0,0,0,0,0,0,0,0,0,0,0,0.0,0.0,0.0,0.0,0.00,0.00,0.00,0.00,40,True,13
3,6,0,0,0,0,0,0,0,0,0,0,0,0.0,0.0,0.0,0.0,0.00,0.00,0.00,0.00,40,False,15
3,7,0,0,0,0,0,0,0,0,0,0,0,0.0,0.0,0.0,0.0,0.00,0.00,0.00,0.00,40,True,19
3,8,0,0,0,0,0,0,0,0,0,0,0,0.0,0.0,0.0,0.0,0.00,0.00,0.00,0.00,40,False,10
3,9,0,0,0,0,0,0,0,0,0,0,0,0.0,0.0,0.0,0.0,0.00,0.00,0.00,0.00,40,True,8
3,10,0,0,0,0,0,0,0,0,0,0,0,0.0,0.0,0.0,0.0,0.00,0.00,0.00,0.00,40,False,3
3,11,0,0,0,0,0,0,0,0,0,0,0,0.0,0.0,0.0,0.0,0.00,0.00,0.00,0.00,40,False,17
3,12,0,0,0,0,0,0,0,0,0,0,0,0.0,0.0,0.0,0.0,0.00,0.00,0.00,0.00,40,True,18
3,13,0,0,0,0,0,0,0,0,0,0,0,0.0,0.0,0.0,0.0,0.00,0.00,0.00,0.00,40,False,7
3,14,0,0,0,0,0,0,0,0,0,0,0,0.0,0.0,0.0,0.0,0.00,0.00,0.00,0.00,40,True,5
3,15,0,0,0,0,0,0,0,0,0,0,0,0.0,0.0,0.0,0.0,0.00,0.00,0.00,0.00,40,False,2
3,16,0,0,0,0,0,0,0,0,0,0,0,0.0,0.0,0.0,0.0,0.00,0.00,0.00,0.00,40,True,20
3,17,0,0,0,0,0,0,0,0,0,0,0,0.0,0.0,0.0,0.0,0.00,0.00,0.00,0.00,40,False,9
3,18,0,0,0,0,0,0,0,0,0,0,0,0.0,0.0,0.0,0.0,0.00,0.00,0.00,0.00,40,True,6
3,19,0,0,0,0,0,0,0,0,0,0,0,0.0,0.0,0.0,0.0,0.00,0.00,0.00,0.00,40,True,2
3,20,0,0,0,0,0,0,0,0,0,0,0,0.0,0.0,0.0,0.0,0.00,0.00,0.00,0.00,40,False,4
3,21,0,0,0,0,0,0,0,0,0,0,0,0.0,0.0,0.0,0.0,0.00,0.00,0.00,0.00,40,True,12
3,22,0,0,0,0,0,0,0,0,0,0,0,0.0,0.0,0.0,0.0,0.00,0.00,0.00,0.00,40,False,16
3,23,0,0,0,0,0,0,0,0,0,0,0,0.0,0.0,0.0,0.0,0.00,0.00,0.00,0.00,40,True,14
3,24,0,0,0,0,0,0,0,0,0,0,0,0.0,0.0,0.0,0.0,0.00,0.00,0.00,0.00,40,False,11
3,25,0,0,0,0,0,0,0,0,0,0,0,0.0,0.0,0.0,0.0,0.00,0.00,0.00,0.00,40,True,17
3,26,0,0,0,0,0,0,0,0,0,0,0,0.0,0.0,0.0,0.0,0.00,0.00,0.00,0.00,40,False,5
3,26,0,0,0,0,0,0,0,0,0,0,0,0.0,0.0,0.0,0.0,0.00,0.00,0.00,0.00,40,False,20
30,1,30,1,0,0,0,0,0,0,0,0,4,0.6,2.8,0.8,2.0,0.00,0.01,0.01,0.82,75,False,14
30,2,0,0,0,0,0,0,0,0,0,0,0,0.0,0.0,0.0,0.0,0.00,0.00,0.00,0.00,75,True,11
30,3,0,0,0,0,0,0,0,0,0,0,0,0.0,0.0,0.0,0.0,0.00,0.00,0.00,0.00,74,False,12
30,4,0,0,0,0,0,0,0,0,0,0,0,0.0,0.0,0.0,0.0,0.00,0.00,0.00,0.00,74,True,16
30,5,0,0,0,0,0,0,0,0,0,0,0,0.0,0.0,0.0,0.0,0.00,0.00,0.00,0.00,73,True,13
30,6,0,0,0,0,0,0,0,0,0,0,0,0.0,0.0,0.0,0.0,0.00,0.00,0.00,0.00,73,False,15
30,7,0,0,0,0,0,0,0,0,0,0,0,0.0,0.0,0.0,0.0,0.00,0.00,0.00,0.00,73,True,19
30,8,0,0,0,0,0,0,0,0,0,0,0,0.0,0.0,0.0,0.0,0.00,0.00,0.00,0.00,73,False,10
30,9,0,0,0,0,0,0,0,0,0,0,0,0.0,0.0,0.0,0.0,0.00,0.00,0.00,0.00,73,True,8
30,10,0,0,0,0,0,0,0,0,0,0,0,0.0,0.0,0.0,0.0,0.00,0.00,0.00,0.00,73,False,3
30,11,0,0,0,0,0,0,0,0,0,0,0,0.0,0.0,0.0,0.0,0.00,0.00,0.00,0.00,73,False,17
30,12,0,0,0,0,0,0,0,0,0,0,0,0.0,0.0,0.0,0.0,0.00,0.00,0.00,0.00,73,True,18
30,13,0,0,0,0,0,0,0,0,0,0,0,0.0,0.0,0.0,0.0,0.00,0.00,0.00,0.00,73,False,7
30,14,0,0,0,0,0,0,0,0,0,0,0,0.0,0.0,0.0,0.0,0.00,0.00,0.00,0.00,73,True,5
30,15,0,0,0,0,0,0,0,0,0,0,0,0.0,0.0,0.0,0.0,0.00,0.00,0.00,0.00,73,False,2
30,16,0,0,0,0,0,0,0,0,0,0,0,0.0,0.0,0.0,0.0,0.00,0.00,0.00,0.00,73,True,20
30,17,0,0,0,0,0,0,0,0,0,0,0,0.0,0.0,0.0,0.0,0.00,0.00,0.00,0.00,73,False,9
30,18,0,0,0,0,0,0,0,0,0,0,0,0.0,0.0,0.0,0.0,0.00,0.00,0.00,0.00,73,True,6
30,19,0,0,0,0,0,0,0,0,0,0,0,0.0,0.0,0.0,0.0,0.00,0.00,0.00,0.00,73,True,2
30,20,0,0,0,0,0,0,0,0,0,0,0,0.0,0.0,0.0,0.0,0.00,0.00,0.00,0.00,73,False,4
30,21,0,0,0,0,0,0,0,0,0,0,0,0.0,0.0,0.0,0.0,0.00,0.00,0.00,0.00,73,True,12
30,22,0,0,0,0,0,0,0,0,0,0,0,0.0,0.0,0.0,0.0,0.00,0.00,0.00,0.00,73,False,16
30,23,0,0,0,0,0,0,0,0,0,0,0,0.0,0.0,0.0,0.0,0.00,0.00,0.00,0.00,73,True,14
30,24,60,2,0,0,1,0,0,0,0,0,11,2.1,7.8,10.7,2.0,0.00,0.01,0.01,0.12,73,False,11
30,25,66,5,0,1,1,0,0,0,0,0,25,6.1,21.6,21.1,18.0,0.21,0.04,0.25,0.17,73,True,17
30,26,0,0,0,0,0,0,0,0,0,0,0,0.0,0.0,0.0,0.0,0.00,0.00,0.00,0.00,73,False,5
30,26,0,0,0,0,0,0,0,0,0,0,0,0.0,0.0,0.0,0.0,0.00,0.00,0.00,0.00,73,False,20
31,1,0,0,0,0,0,0,0,0,0,0,0,0.0,0.0,0.0,0.0,0.00,0.00,0.00,0.00,65,False,14
31,2,0,0,0,0,0,0,0,0,0,0,0,0.0,0.0,0.0,0.0,0.00,0.00,0.00,0.00,65,True,11
31,3,0,0,0,0,0,0,0,0,0,0,0,0.0,0.0,0.0,0.0,0.00,0.00,0.00,0.00,65,False,12
31,4,0,0,0,0,0,0,0,0,0,0,0,0.0,0.0,0.0,0.0,0.00,0.00,0.00,0.00,65,True,16
31,5,0,0,0,0,0,0,0,0,0,0,0,0.0,0.0,0.0,0.0,0.00,0.00,0.00,0.00,65,True,13
31,6,0,0,0,0,0,0,0,0,0,0,0,0.0,0.0,0.0,0.0,0.00,0.00,0.00,0.00,64,False,15
31,7,0,0,0,0,0,0,0,0,0,0,0,0.0,0.0,0.0,0.0,0.00,0.00,0.00,0.00,64,True,19
31,8,0,0,0,0,0,0,0,0,0,0,0,0.0,0.0,0.0,0.0,0.00,0.00,0.00,0.00,64,False,10
31,9,0,0,0,0,0,0,0,0,0,0,0,0.0,0.0,0.0,0.0,0.00,0.00,0.00,0.00,64,True,8
31,10,0,0,0,0,0,0,0,0,0,0,0,0.0,0.0,0.0,0.0,0.00,0.00,0.00,0.00,64,False,3
31,11,0,0,0,0,0,0,0,0,0,0,0,0.0,0.0,0.0,0.0,0.00,0.00,0.00,0.00,64,False,17
31,12,0,0,0,0,0,0,0,0,0,0,0,0.0,0.0,0.0,0.0,0.00,0.00,0.00,0.00,64,True,18
31,13,0,0,0,0,0,0,0,0,0,0,0,0.0,0.0,0.0,0.0,0.00,0.00,0.00,0.00,64,False,7
31,14,0,0,0,0,0,0,0,0,0,0,0,0.0,0.0,0.0,0.0,0.00,0.00,0.00,0.00,64,True,5
31,15,0,0,0,0,0,0,0,0,0,0,0,0.0,0.0,0.0,0.0,0.00,0.00,0.00,0.00,64,False,2
31,16,9,1,0,0,0,1,0,0,0,0,5,2.2,4.2,0.6,17.0,0.12,0.00,0.12,0.09,64,True,20
31,17,25,1,0,0,0,0,0,0,0,0,0,1.2,0.0,4.3,8.0,0.02,0.02,0.04,0.03,64,False,9
31,18,19,1,0,0,0,0,0,0,0,0,1,2.4,2.8,1.3,20.0,0.09,0.01,0.10,0.32,64,True,6
31,19,13,4,1,0,0,1,1,0,0,0,25,4.4,35.2,0.0,9.0,0.09,0.00,0.09,2.00,64,True,2
31,20,24,1,0,0,0,1,0,0,0,0,4,2.8,9.4,0.0,19.0,0.02,0.00,0.02,0.06,64,False,4
31,21,26,1,0,0,0,0,0,0,0,0,4,2.3,2.0,0.3,21.0,0.13,0.00,0.13,0.15,64,True,12
31,22,33,1,0,0,0,0,0,0,0,0,2,3.9,3.6,0.8,35.0,0.51,0.09,0.60,0.10,64,False,16
31,23,57,1,0,0,0,2,0,0,0,0,1,2.7,2.8,14.6,10.0,0.02,0.03,0.05,0.44,64,True,14
31,24,14,5,1,0,0,0,0,0,0,0,26,8.4,38.4,0.3,45.0,0.74,0.00,0.74,0.03,64,False,11
31,25,59,1,0,0,0,0,0,0,0,0,1,2.2,2.2,1.0,19.0,0.01,0.03,0.04,0.17,64,True,17
31,26,0,0,0,0,0,0,0,0,0,0,0,0.0,0.0,0.0,0.0,0.00,0.00,0.00,0.00,64,False,5
31,26,0,0,0,0,0,0,0,0,0,0,0,0.0,0.0,0.0,0.0,0.00,0.00,0.00,0.00,64,False,20
32,1,0,0,0,0,0,0,0,0,0,0,0,0.0,0.0,0.0,0.0,0.00,0.00,0.00,0.00,50,True,15
32,2,90,2,0,0,0,1,0,0,1,0,15,1.3,12.8,0.0,0.0,0.00,0.01,0.01,1.21,50,False,5
32,3,0,0,0,0,0,0,0,0,0,0,0,0.0,0.0,0.0,0.0,0.00,0.00,0.00,0.00,50,True,8
32,4,90,6,0,0,1,0,0,0,2,0,27,2.0,20.2,0.0,0.0,0.00,0.00,0.00,2.08,50,False,9
32,5,90,3,0,0,0,1,0,0,3,0,12,1.9,18.8,0.0,0.0,0.00,0.00,0.00,1.05,50,False,17
32,6,90,3,0,0,0,1,0,0,3,0,13,2.6,23.0,3.0,0.0,0.00,0.02,0.02,0.92,50,True,10
32,7,90,1,0,0,0,1,1,0,1,0,9,1.1,11.4,0.0,0.0,0.00,0.00,0.00,0.42,50,True,3
32,8,90,2,0,0,0,1,0,0,2,0,10,1.6,16.4,0.0,0.0,0.00,0.00,0.00,0.75,50,False,18
32,9,90,8,0,0,1,0,0,0,3,1,32,2.7,27.2,0.0,0.0,0.00,0.00,0.00,1.18,50,True,13
32,10,90,1,0,0,0,2,0,0,2,0,4,0.9,8.6,0.0,0.0,0.00,0.00,0.00,1.19,50,False,12
32,11,90,14,0,0,1,0,0,0,3,2,36,4.1,41.4,0.0,0.0,0.00,0.00,0.00,1.61,50,True,4
32,12,90,3,0,0,0,1,0,0,3,0,15,2.8,27.8,0.0,0.0,0.00,0.00,0.00,1.79,50,False,11
32,13,90,7,0,0,1,0,0,0,4,0,30,3.1,31.4,0.0,0.0,0.00,0.00,0.00,0.49,50,True,20
32,14,0,0,0,0,0,0,0,0,0,0,0,0.0,0.0,0.0,0.0,0.00,0.00,0.00,0.00,51,False,6
32,15,90,4,0,0,0,1,0,0,7,0,21,3.8,38.4,0.0,0.0,0.00,0.00,0.00,1.92,51,True,1
32,16,0,0,0,0,0,0,0,0,0,0,0,0.0,0.0,0.0,0.0,0.00,0.00,0.00,0.00,51,False,19
32,17,90,3,0,0,0,1,0,0,5,0,18,2.9,29.0,0.0,0.0,0.00,0.00,0.00,1.33,51,True,14
32,18,90,2,0,0,0,1,0,0,2,0,10,1.8,17.6,0.0,0.0,0.00,0.00,0.00,2.14,50,False,7
32,19,90,1,0,0,0,4,0,0,3,0,-2,1.5,14.8,0.0,0.0,0.00,0.00,0.00,3.04,50,False,1
32,20,90,3,0,0,0,1,0,0,4,0,19,2.9,28.8,0.0,0.0,0.00,0.00,0.00,0.89,50,True,16
32,21,45,1,0,0,0,0,0,0,1,0,13,1.2,12.0,0.0,0.0,0.00,0.00,0.00,0.31,50,False,8
32,22,90,2,0,0,0,1,0,0,2,0,9,1.0,9.6,0.0,0.0,0.00,0.00,0.00,0.51,50,True,9
32,23,90,10,0,0,1,0,0,0,4,3,38,3.6,35.6,0.0,0.0,0.00,0.01,0.01,2.18,50,False,15
32,24,90,2,0,0,0,1,0,0,0,0,6,0.7,6.4,0.1,0.0,0.00,0.00,0.00,0.38,50,True,5
32,25,90,6,0,0,0,1,0,0,7,2,26,4.9,49.4,0.0,0.0,0.00,0.00,0.00,2.06,50,False,4
32,26,0,0,0,0,0,0,0,0,0,0,0,0.0,0.0,0.0,0.0,0.00,0.00,0.00,0.00,50,True,6
33,1,90,7,0,0,1,0,0,0,3,0,29,2.0,19.6,0.0,0.0,0.00,0.00,0.00,1.43,45,True,15
33,2,0,0,0,0,0,0,0,0,0,0,0,0.0,0.0,0.0,0.0,0.00,0.00,0.00,0.00,45,False,5
33,3,90,0,0,0,0,3,1,0,1,0,-7,0.6,5.8,0.0,0.0,0.00,0.00,0.00,2.67,45,True,8
33,4,0,0,0,0,0,0,0,0,0,0,0,0.0,0.0,0.0,0.0,0.00,0.00,0.00,0.00,45,False,9
33,5,0,0,0,0,0,0,0,0,0,0,0,0.0,0.0,0.0,0.0,0.00,0.00,0.00,0.00,45,False,17
33,6,0,0,0,0,0,0,0,0,0,0,0,0.0,0.0,0.0,0.0,0.00,0.00,0.00,0.00,45,True,10
33,7,0,0,0,0,0,0,0,0,0,0,0,0.0,0.0,0.0,0.0,0.00,0.00,0.00,0.00,44,True,3
33,8,0,0,0,0,0,0,0,0,0,0,0,0.0,0.0,0.0,0.0,0.00,0.00,0.00,0.00,44,False,18
33,9,0,0,0,0,0,0,0,0,0,0,0,0.0,0.0,0.0,0.0,0.00,0.00,0.00,0.00,44,True,13
33,10,0,0,0,0,0,0,0,0,0,0,0,0.0,0.0,0.0,0.0,0.00,0.00,0.00,0.00,43,False,12
33,11,0,0,0,0,0,0,0,0,0,0,0,0.0,0.0,0.0,0.0,0.00,0.00,0.00,0.00,43,True,4
33,12,0,0,0,0,0,0,0,0,0,0,0,0.0,0.0,0.0,0.0,0.00,0.00,0.00,0.00,43,False,11
33,13,0,0,0,0,0,0,0,0,0,0,0,0.0,0.0,0.0,0.0,0.00,0.00,0.00,0.00,43,True,20
33,14,90,1,0,0,0,3,1,0,4,0,5,2.4,24.0,0.0,0.0,0.00,0.00,0.00,2.21,43,False,6
33,15,0,0,0,0,0,0,0,0,0,0,0,0.0,0.0,0.0,0.0,0.00,0.00,0.00,0.00,43,True,1
33,16,90,1,0,0,0,2,0,0,1,0,7,0.8,8.2,0.0,0.0,0.00,0.00,0.00,1.03,42,False,19
33,17,0,0,0,0,0,0,0,0,0,0,0,0.0,0.0,0.0,0.0,0.00,0.00,0.00,0.00,42,True,14
33,18,0,0,0,0,0,0,0,0,0,0,0,0.0,0.0,0.0,0.0,0.00,0.00,0.00,0.00,42,False,7
33,19,0,0,0,0,0,0,0,0,0,0,0,0.0,0.0,0.0,0.0,0.00,0.00,0.00,0.00,42,False,1
33,20,0,0,0,0,0,0,0,0,0,0,0,0.0,0.0,0.0,0.0,0.00,0.00,0.00,0.00,42,True,16
33,21,45,2,0,0,0,0,0,0,4,0,17,3.5,35.2,0.0,0.0,0.00,0.00,0.00,1.19,42,False,8
33,22,0,0,0,0,0,0,0,0,0,0,0,0.0,0.0,0.0,0.0,0.00,0.00,0.00,0.00,42,True,9
33,23,0,0,0,0,0,0,0,0,0,0,0,0.0,0.0,0.0,0.0,0.00,0.00,0.00,0.00,42,False,15
33,24,0,0,0,0,0,0,0,0,0,0,0,0.0,0.0,0.0,0.0,0.00,0.00,0.00,0.00,42,True,5
33,25,0,0,0,0,0,0,0,0,0,0,0,0.0,0.0,0.0,0.0,0.00,0.00,0.00,0.00,42,False,4
33,26,0,0,0,0,0,0,0,0,0,0,0,0.0,0.0,0.0,0.0,0.00,0.00,0.00,0.00,42,True,6
34,1,0,0,0,0,0,0,0,0,0,0,0,0.0,0.0,0.0,0.0,0.00,0.00,0.00,0.00,40,True,15
34,2,0,0,0,0,0,0,0,0,0,0,0,0.0,0.0,0.0,0.0,0.00,0.00,0.00,0.00,40,False,5
34,3,0,0,0,0,0,0,0,0,0,0,0,0.0,0.0,0.0,0.0,0.00,0.00,0.00,0.00,40,True,8
34,4,0,0,0,0,0,0,0,0,0,0,0,0.0,0.0,0.0,0.0,0.00,0.00,0.00,0.00,40,False,9
34,5,0,0,0,0,0,0,0,0,0,0,0,0.0,0.0,0.0,0.0,0.00,0.00,0.00,0.00,40,False,17
34,6,0,0,0,0,0,0,0,0,0,0,0,0.0,0.0,0.0,0.0,0.00,0.00,0.00,0.00,40,True,10
34,7,0,0,0,0,0,0,0,0,0,0,0,0.0,0.0,0.0,0.0,0.00,0.00,0.00,0.00,40,True,3
34,8,0,0,0,0,0,0,0,0,0,0,0,0.0,0.0,0.0,0.0,0.00,0.00,0.00,0.00,40,False,18
34,9,0,0,0,0,0,0,0,0,0,0,0,0.0,0.0,0.0,0.0,0.00,0.00,0.00,0.00,40,True,13
34,10,0,0,0,0,0,0,0,0,0,0,0,0.0,0.0,0.0,0.0,0.00,0.00,0.00,0.00,40,False,12
34,11,0,0,0,0,0,0,0,0,0,0,0,0.0,0.0,0.0,0.0,0.00,0.00,0.00,0.00,40,True,4
34,12,0,0,0,0,0,0,0,0,0,0,0,0.0,0.0,0.0,0.0,0.00,0.00,0.00,0.00,40,False,11
34,13,0,0,0,0,0,0,0,0,0,0,0,0.0,0.0,0.0,0.0,0.00,0.00,0.00,0.00,40,True,20
34,14,0,0,0,0,0,0,0,0,0,0,0,0.0,0.0,0.0,0.0,0.00,0.00,0.00,0.00,40,False,6
34,15,0,0,0,0,0,0,0,0,0,0,0,0.0,0.0,0.0,0.0,0.00,0.00,0.00,0.00,40,True,1
34,16,0,0,0,0,0,0,0,0,0,0,0,0.0,0.0,0.0,0.0,0.00,0.00,0.00,0.00,40,False,19
34,17,0,0,0,0,0,0,0,0,0,0,0,0.0,0.0,0.0,0.0,0.00,0.00,0.00,0.00,40,True,14
34,18,0,0,0,0,0,0,0,0,0,0,0,0.0,0.0,0.0,0.0,0.00,0.00,0.00,0.00,40,False,7
34,19,0,0,0,0,0,0,0,0,0,0,0,0.0,0.0,0.0,0.0,0.00,0.00,0.00,0.00,40,False,1
34,20,0,0,0,0,0,0,0,0,0,0,0,0.0,0.0,0.0,0.0,0.00,0.00,0.00,0.00,40,True,16
34,21,0,0,0,0,0,0,0,0,0,0,0,0.0,0.0,0.0,0.0,0.00,0.00,0.00,0.00,40,False,8
34,22,0,0,0,0,0,0,0,0,0,0,0,0.0,0.0,0.0,0.0,0.00,0.00,0.00,0.00,40,True,9
34,23,0,0,0,0,0,0,0,0,0,0,0,0.0,0.0,0.0,0.0,0.00,0.00,0.00,0.00,40,False,15
34,24,0,0,0,0,0,0,0,0,0,0,0,0.0,0.0,0.0,0.0,0.00,0.00,0.00,0.00,40,True,5
34,25,0,0,0,0,0,0,0,0,0,0,0,0.0,0.0,0.0,0.0,0.00,0.00,0.00,0.00,40,False,4
34,26,0,0,0,0,0,0,0,0,0,0,0,0.0,0.0,0.0,0.0,0.00,0.00,0.00,0.00,40,True,6
35,1,0,0,0,0,0,0,0,0,0,0,0,0.0,0.0,0.0,0.0,0.00,0.00,0.00,0.00,40,True,15
35,2,0,0,0,0,0,0,0,0,0,0,0,0.0,0.0,0.0,0.0,0.00,0.00,0.00,0.00,40,False,5
35,3,0,0,0,0,0,0,0,0,0,0,0,0.0,0.0,0.0,0.0,0.00,0.00,0.00,0.00,40,True,8
35,4,0,0,0,0,0,0,0,0,0,0,0,0.0,0.0,0.0,0.0,0.00,0.00,0.00,0.00,40,False,9
35,5,0,0,0,0,0,0,0,0,0,0,0,0.0,0.0,0.0,0.0,0.00,0.00,0.00,0.00,40,False,17
35,6,0,0,0,0,0,0,0,0,0,0,0,0.0,0.0,0.0,0.0,0.00,0.00,0.00,0.00,40,True,10
35,7,0,0,0,0,0,0,0,0,0,0,0,0.0,0.0,0.0,0.0,0.00,0.00,0.00,0.00,40,True,3
35,8,0,0,0,0,0,0,0,0,0,0,0,0.0,0.0,0.0,0.0,0.00,0.00,0.00,0.00,40,False,18
35,9,0,0,0,0,0,0,0,0,0,0,0,0.0,0.0,0.0,0.0,0.00,0.00,0.00,0.00,40,True,13
35,10,0,0,0,0,0,0,0,0,0,0,0,0.0,0.0,0.0,0.0,0.00,0.00,0.00,0.00,40,False,12
35,11,0,0,0,0,0,0,0,0,0,0,0,0.0,0.0,0.0,0.0,0.00,0.00,0.00,0.00,40,True,4
35,12,0,0,0,0,0,0,0,0,0,0,0,0.0,0.0,0.0,0.0,0.00,0.00,0.00,0.00,40,False,11
35,13,0,0,0,0,0,0,0,0,0,0,0,0.0,0.0,0.0,0.0,0.00,0.00,0.00,0.00,40,True,20
35,14,0,0,0,0,0,0,0,0,0,0,0,0.0,0.0,0.0,0.0,0.00,0.00,0.00,0.00,40,False,6
35,15,0,0,0,0,0,0,0,0,0,0,0,0.0,0.0,0.0,0.0,0.00,0.00,0.00,0.00,40,True,1
35,16,0,0,0,0,0,0,0,0,0,0,0,0.0,0.0,0.0,0.0,0.00,0.00,0.00,0.00,40,False,19
35,17,0,0,0,0,0,0,0,0,0,0,0,0.0,0.0,0.0,0.0,0.00,0.00,0.00,0.00,40,True,14
35,18,0,0,0,0,0,0,0,0,0,0,0,0.0,0.0,0.0,0.0,0.00,0.00,0.00,0.00,40,False,7
35,19,0,0,0,0,0,0,0,0,0,0,0,0.0,0.0,0.0,0.0,0.00,0.00,0.00,0.00,40,False,1
35,20,0,0,0,0,0,0,0,0,0,0,0,0.0,0.0,0.0,0.0,0.00,0.00,0.00,0.00,40,True,16
35,21,0,0,0,0,0,0,0,0,0,0,0,0.0,0.0,0.0,0.0,0.00,0.00,0.00,0.00,40,False,8
35,22,0,0,0,0,0,0,0,0,0,0,0,0.0,0.0,0.0,0.0,0.00,0.00,0.00,0.00,40,True,9
35,23,0,0,0,0,0,0,0,0,0,0,0,0.0,0.0,0.0,0.0,0.00,0.00,0.00,0.00,40,False,15
35,24,0,0,0,0,0,0,0,0,0,0,0,0.0,0.0,0.0,0.0,0.00,0.00,0.00,0.00,40,True,5
35,25,0,0,0,0,0,0,0,0,0,0,0,0.0,0.0,0.0,0.0,0.00,0.00,0.00,0.00,40,False,4
35,26,0,0,0,0,0,0,0,0,0,0,0,0.0,0.0,0.0,0.0,0.00,0.00,0.00,0.00,40,True,6
36,1,90,8,0,0,1,0,0,0,0,0,25,4.1,37.6,1.1,2.0,0.00,0.00,0.00,1.43,45,True,15
36,2,90,2,0,0,0,1,0,0,0,0,18,5.0,20.4,25.4,4.0,0.00,0.23,0.23,1.21,45,False,5
36,3,73,0,0,0,0,2,1,0,0,0,-1,3.0,6.2,22.3,1.0,0.01,0.11,0.12,1.77,45,True,8
36,4,90,5,0,0,1,0,1,0,0,0,13,3.2,13.2,16.6,2.0,0.00,0.14,0.14,2.08,45,False,9
36,5,90,10,1,0,0,1,0,0,0,2,29,6.3,44.4,7.2,11.0,0.05,0.05,0.10,1.05,45,False,17
36,6,90,2,0,0,0,1,0,0,0,0,8,2.1,18.0,1.5,1.0,0.01,0.01,0.02,0.92,46,True,10
36,7,83,2,0,0,0,1,0,0,0,0,9,3.6,10.6,16.4,9.0,0.01,0.03,0.04,0.39,46,True,3
36,8,90,2,0,0,0,1,0,0,0,0,13,2.1,6.4,12.0,3.0,0.04,0.02,0.06,0.75,46,False,18
36,9,90,15,1,0,1,0,0,0,0,3,44,7.5,48.0,19.8,7.0,0.06,0.07,0.13,1.18,46,True,13
36,10,90,0,0,0,0,2,1,0,0,0,0,4.0,16.4,15.9,8.0,0.03,0.04,0.07,1.19,46,False,12
36,11,90,6,0,0,1,0,0,0,0,0,21,2.2,12.4,1.0,9.0,0.01,0.01,0.02,1.61,46,True,4
36,12,90,2,0,0,0,1,0,0,0,0,10,4.8,14.2,29.8,4.0,0.09,0.26,0.35,1.79,46,False,11
36,13,90,6,0,0,1,0,0,0,0,0,28,4.1,14.0,6.0,21.0,0.03,0.03,0.06,0.49,46,True,20
36,14,90,4,0,1,0,3,0,0,0,0,15,6.4,35.2,29.2,0.0,0.00,0.34,0.34,2.21,47,False,6
36,15,86,9,1,0,0,1,0,0,0,1,24,8.6,47.0,15.2,24.0,0.25,0.05,0.30,1.87,47,True,1
36,16,90,0,0,0,0,2,1,0,0,0,7,2.4,11.6,12.8,0.0,0.00,0.01,0.01,1.03,49,False,19
36,17,90,2,0,0,0,1,0,0,0,0,1,1.3,6.6,1.1,5.0,0.07,0.01,0.08,1.33,49,True,14
36,18,90,1,0,0,0,1,1,0,0,0,2,2.4,11.6,10.8,2.0,0.00,0.00,0.00,2.14,49,False,7
36,19,0,0,0,0,0,0,0,0,0,0,0,0.0,0.0,0.0,0.0,0.00,0.00,0.00,0.00,49,False,1
36,20,89,5,0,1,0,1,0,0,0,0,21,5.3,26.4,20.7,6.0,0.00,0.16,0.16,0.80,48,True,16
36,21,90,6,0,0,1,0,0,0,0,0,29,6.0,25.0,30.5,4.0,0.04,0.19,0.23,1.50,48,False,8
36,22,90,2,0,0,0,1,0,0,0,0,12,4.4,19.8,20.5,4.0,0.00,0.15,0.15,0.51,48,True,9
36,23,90,6,0,0,1,0,0,0,0,0,18,1.5,7.8,2.0,5.0,0.05,0.01,0.06,2.18,48,False,15
36,24,90,2,0,0,0,1,0,0,0,0,16,9.5,24.4,40.8,30.0,0.23,0.33,0.56,0.38,48,True,5
36,25,90,2,0,0,0,1,0,0,0,0,5,3.5,13.0,0.9,21.0,0.04,0.00,0.04,2.06,48,False,4
36,26,0,0,0,0,0,0,0,0,0,0,0,0.0,0.0,0.0,0.0,0.00,0.00,0.00,0.00,49,True,6
37,1,90,6,0,0,1,0,0,0,0,0,22,1.7,11.6,5.8,0.0,0.00,0.01,0.01,1.43,45,True,15
37,2,63,2,0,0,0,1,0,0,0,0,8,2.1,6.8,8.4,6.0,0.00,0.16,0.16,1.11,45,False,5
37,3,7,1,0,0,0,0,0,0,0,0,3,0.1,0.0,0.7,0.0,0.00,0.00,0.00,0.38,45,True,8
37,4,90,5,0,0,1,0,1,0,0,0,18,2.3,7.4,6.8,9.0,0.08,0.01,0.09,2.08,45,False,9
37,5,57,1,0,0,0,0,0,0,0,0,6,0.7,1.2,3.8,2.0,0.00,0.04,0.04,0.37,45,False,17
37,6,90,5,0,1,0,1,0,0,0,0,21,5.4,28.2,15.2,11.0,0.05,0.33,0.38,0.92,45,True,10
37,7,90,1,0,0,0,1,1,0,0,0,20,12.6,27.6,81.8,17.0,0.08,0.58,0.66,0.42,45,True,3
37,8,81,5,0,1,0,1,0,0,0,0,12,3.9,26.6,10.6,2.0,0.00,0.01,0.01,0.55,45,False,18
37,9,85,6,0,0,1,0,0,0,0,0,28,3.9,11.2,16.7,11.0,0.06,0.06,0.12,0.98,45,True,13
37,10,74,1,0,0,0,2,0,0,0,0,3,2.6,14.8,11.3,0.0,0.00,0.01,0.01,1.12,45,False,12
37,11,90,9,0,1,1,0,0,0,0,0,29,4.6,26.0,20.4,0.0,0.00,0.12,0.12,1.61,45,True,4
37,12,45,1,0,0,0,1,0,0,0,0,1,0.8,2.6,5.1,0.0,0.00,0.06,0.06,1.23,45,False,11
37,13,90,7,0,0,1,0,0,0,0,1,31,5.0,11.8,35.6,3.0,0.08,0.09,0.17,0.49,45,True,20
37,14,20,1,0,0,0,1,0,0,0,0,-1,0.3,3.2,0.0,0.0,0.00,0.00,0.00,0.79,45,False,6
37,15,0,0,0,0,0,0,0,0,0,0,0,0.0,0.0,0.0,0.0,0.00,0.00,0.00,0.00,45,True,1
37,16,15,1,0,0,0,0,0,0,0,0,8,2.4,6.2,0.9,17.0,0.01,0.00,0.01,0.04,45,False,19
37,17,15,1,0,0,0,0,0,0,0,0,4,0.5,4.8,0.3,0.0,0.00,0.00,0.00,0.13,45,True,14
37,18,7,1,0,0,0,0,0,0,0,0,5,1.0,3.0,0.0,7.0,0.10,0.00,0.10,0.03,45,False,7
37,19,90,0,0,0,0,4,0,0,0,0,-4,4.5,19.4,25.7,0.0,0.00,0.12,0.12,3.04,45,False,1
37,20,21,1,0,0,0,0,0,0,0,0,3,1.5,4.2,10.6,0.0,0.00,0.00,0.00,0.19,45,True,16
37,21,72,9,0,0,1,0,0,0,0,3,33,4.3,21.2,17.8,4.0,0.03,0.15,0.18,1.50,45,False,8
37,22,17,1,0,0,0,0,0,0,0,0,5,2.3,5.4,0.3,17.0,0.05,0.00,0.05,0.00,45,True,9
37,23,15,3,0,1,0,0,1,0,0,0,13,3.8,17.4,18.7,2.0,0.00,0.44,0.44,0.13,45,False,15
37,24,0,0,0,0,0,0,0,0,0,0,0,0.0,0.0,0.0,0.0,0.00,0.00,0.00,0.00,45,True,5
37,25,85,4,0,0,0,1,0,0,0,0,14,2.4,17.6,6.1,0.0,0.00,0.02,0.02,1.71,45,False,4
37,26,0,0,0,0,0,0,0,0,0,0,0,0.0,0.0,0.0,0.0,0.00,0.00,0.00,0.00,45,True,6
38,1,65,3,0,0,1,0,0,1,0,0,15,0.3,1.8,1.1,0.0,0.00,0.01,0.01,1.11,45,True,15
38,2,0,0,0,0,0,0,0,0,0,0,0,0.0,0.0,0.0,0.0,0.00,0.00,0.00,0.00,45,False,5
38,3,90,1,0,0,0,3,0,0,0,0,3,3.7,18.4,14.3,4.0,0.00,0.03,0.03,2.67,45,True,8
38,4,90,6,0,0,1,0,0,0,0,0,28,1.6,15.4,1.0,0.0,0.00,0.01,0.01,2.08,45,False,9
38,5,90,2,0,0,0,1,0,0,0,0,10,2.9,26.2,3.0,0.0,0.00,0.02,0.02,1.05,45,False,17
38,6,90,2,0,0,0,1,0,0,0,0,21,2.3,22.4,0.7,0.0,0.00,0.00,0.00,0.92,45,True,10
38,7,90,2,0,0,0,1,0,0,0,0,15,3.6,15.8,1.1,19.0,0.04,0.01,0.05,0.42,45,True,3
38,8,90,2,0,0,0,1,0,0,0,0,9,2.4,17.8,4.1,2.0,0.00,0.01,0.01,0.75,45,False,18
38,9,90,8,0,0,1,0,0,0,0,0,31,3.3,30.8,0.5,2.0,0.00,0.00,0.00,1.18,45,True,13
38,10,90,1,0,0,0,2,0,0,0,0,11,1.9,17.4,1.3,0.0,0.00,0.01,0.01,1.19,44,False,12
38,11,90,6,0,0,1,0,0,0,0,0,25,1.9,12.2,0.3,6.0,0.00,0.05,0.05,1.61,44,True,4
38,12,90,2,0,0,0,1,0,0,0,0,19,2.6,25.0,0.9,0.0,0.00,0.00,0.00,1.79,44,False,11
38,13,90,8,0,0,1,0,0,0,0,2,32,5.2,27.2,22.3,2.0,0.00,0.03,0.03,0.49,44,True,20
38,14,90,1,0,0,0,3,0,0,0,0,6,4.1,15.4,0.4,25.0,0.27,0.01,0.28,2.21,44,False,6
38,15,90,2,0,0,0,1,0,0,0,0,11,1.0,8.2,1.3,0.0,0.00,0.01,0.01,1.92,44,True,1
38,16,90,1,0,0,0,2,0,0,0,0,2,0.9,6.4,2.1,0.0,0.00,0.02,0.02,1.03,44,False,19
38,17,90,2,0,0,0,1,0,0,0,0,8,1.5,14.2,0.4,0.0,0.00,0.00,0.00,1.33,44,True,14
38,18,90,4,0,0,0,1,0,0,0,0,14,2.4,23.8,0.2,0.0,0.00,0.01,0.01,2.14,44,False,7
38,19,90,0,0,0,0,4,0,0,0,0,8,3.9,26.8,12.0,0.0,0.00,0.11,0.11,3.04,44,False,1
38,20,90,2,0,0,0,1,0,0,0,0,15,2.3,16.8,3.8,2.0,0.00,0.03,0.03,0.89,44,True,16
38,21,90,7,0,0,1,0,0,0,0,1,30,2.9,18.2,0.6,10.0,0.05,0.01,0.06,1.50,44,False,8
38,22,90,2,0,0,0,1,0,0,0,0,13,3.2,24.0,1.3,7.0,0.02,0.02,0.04,0.51,44,True,9
38,23,90,6,0,0,1,0,0,0,0,0,26,1.4,12.4,1.1,0.0,0.00,0.01,0.01,2.18,44,False,15
38,24,90,2,0,0,0,1,0,0,0,0,11,2.8,14.2,9.3,4.0,0.35,0.08,0.43,0.38,44,True,5
38,25,90,2,0,0,0,1,0,0,0,0,14,1.9,18.2,0.4,0.0,0.00,0.00,0.00,2.06,44,False,4
38,26,0,0,0,0,0,0,0,0,0,0,0,0.0,0.0,0.0,0.0,0.00,0.00,0.00,0.00,44,True,6
39,1,0,0,0,0,0,0,0,0,0,0,0,0.0,0.0,0.0,0.0,0.00,0.00,0.00,0.00,45,True,15
39,2,26,1,0,0,0,0,0,0,0,0,10,2.8,10.6,15.4,2.0,0.02,0.06,0.08,0.11,45,False,5
39,3,83,1,0,0,0,3,0,0,0,0,6,6.2,19.0,38.1,5.0,0.09,0.12,0.21,2.29,44,True,8
39,4,0,0,0,0,0,0,0,0,0,0,0,0.0,0.0,0.0,0.0,0.00,0.00,0.00,0.00,44,False,9
39,5,32,0,0,0,0,1,1,0,0,0,-2,1.5,5.0,3.5,6.0,0.00,0.02,0.02,0.68,44,False,17
39,6,0,0,0,0,0,0,0,0,0,0,0,0.0,0.0,0.0,0.0,0.00,0.00,0.00,0.00,44,True,10
39,7,1,1,0,0,0,0,0,0,0,0,6,0.2,2.0,0.0,0.0,0.00,0.00,0.00,0.00,43,True,3
39,8,8,1,0,0,0,0,0,0,0,0,8,1.9,7.4,10.2,1.0,0.04,0.00,0.04,0.20,43,False,18
39,9,4,1,0,0,0,0,0,0,0,0,3,0.0,0.0,0.0,0.0,0.00,0.00,0.00,0.20,43,True,13
39,10,15,1,0,0,0,0,0,0,0,0,2,2.5,5.0,11.5,8.0,0.00,0.01,0.01,0.06,43,False,12
39,11,0,0,0,0,0,0,0,0,0,0,0,0.0,0.0,0.0,0.0,0.00,0.00,0.00,0.00,43,True,4
39,12,45,1,0,0,0,0,0,0,0,0,5,1.6,8.4,1.0,7.0,0.10,0.00,0.10,0.56,42,False,11
39,13,0,0,0,0,0,0,0,0,0,0,0,0.0,0.0,0.0,0.0,0.00,0.00,0.00,0.00,42,True,20
39,14,69,1,0,0,0,2,0,0,0,0,14,7.6,25.8,25.2,25.0,0.06,0.50,0.56,1.42,42,False,6
39,15,90,2,0,0,0,1,0,0,0,0,7,2.0,6.2,5.0,9.0,0.05,0.03,0.08,1.92,42,True,1
39,16,74,1,0,0,0,2,0,0,0,0,9,2.1,15.4,3.4,2.0,0.00,0.02,0.02,0.98,42,False,19
39,17,74,2,0,0,0,1,0,0,0,0,15,4.4,15.0,20.6,8.0,0.03,0.01,0.04,1.20,42,True,14
39,18,82,2,0,0,0,1,0,0,0,0,0,2.8,10.0,0.6,17.0,0.12,0.00,0.12,2.12,42,False,7
39,19,0,0,0,0,0,0,0,0,0,0,0,0.0,0.0,0.0,0.0,0.00,0.00,0.00,0.00,42,False,1
39,20,68,2,0,0,0,1,0,0,0,0,10,1.8,5.2,3.8,9.0,0.11,0.02,0.13,0.70,42,True,16
39,21,17,1,0,0,0,0,0,0,0,0,5,0.9,4.4,0.2,4.0,0.04,0.00,0.04,0.00,42,False,8
39,22,72,2,0,0,0,1,0,0,0,0,17,6.6,14.4,40.3,11.0,0.02,0.31,0.33,0.51,42,True,9
39,23,90,5,0,0,1,0,1,0,0,0,23,1.8,10.4,3.1,4.0,0.00,0.14,0.14,2.18,42,False,15
39,24,90,2,0,0,0,1,0,0,0,0,23,10.0,29.6,45.7,25.0,0.15,0.39,0.54,0.38,42,True,5
39,25,13,1,0,0,0,0,0,0,0,0,2,0.4,0.0,0.3,4.0,0.00,0.01,0.01,0.43,42,False,4
39,26,0,0,0,0,0,0,0,0,0,0,0,0.0,0.0,0.0,0.0,0.00,0.00,0.00,0.00,42,True,6
4,1,0,0,0,0,0,0,0,0,0,0,0,0.0,0.0,0.0,0.0,0.00,0.00,0.00,0.00,40,False,14
4,2,0,0,0,0,0,0,0,0,0,0,0,0.0,0.0,0.0,0.0,0.00,0.00,0.00,0.00,40,True,11
4,3,0,0,0,0,0,0,0,0,0,0,0,0.0,0.0,0.0,0.0,0.00,0.00,0.00,0.00,40,False,12
4,4,0,0,0,0,0,0,0,0,0,0,0,0.0,0.0,0.0,0.0,0.00,0.00,0.00,0.00,40,True,16
4,5,0,0,0,0,0,0,0,0,0,0,0,0.0,0.0,0.0,0.0,0.00,0.00,0.00,0.00,40,True,13
4,6,0,0,0,0,0,0,0,0,0,0,0,0.0,0.0,0.0,0.0,0.00,0.00,0.00,0.00,40,False,15
4,7,0,0,0,0,0,0,0,0,0,0,0,0.0,0.0,0.0,0.0,0.00,0.00,0.00,0.00,40,True,19
4,8,0,0,0,0,0,0,0,0,0,0,0,0.0,0.0,0.0,0.0,0.00,0.00,0.00,0.00,40,False,10
4,9,0,0,0,0,0,0,0,0,0,0,0,0.0,0.0,0.0,0.0,0.00,0.00,0.00,0.00,40,True,8
4,10,0,0,0,0,0,0,0,0,0,0,0,0.0,0.0,0.0,0.0,0.00,0.00,0.00,0.00,40,False,3
4,11,0,0,0,0,0,0,0,0,0,0,0,0.0,0.0,0.0,0.0,0.00,0.00,0.00,0.00,40,False,17
4,12,0,0,0,0,0,0,0,0,0,0,0,0.0,0.0,0.0,0.0,0.00,0.00,0.00,0.00,40,True,18
4,13,0,0,0,0,0,0,0,0,0,0,0,0.0,0.0,0.0,0.0,0.00,0.00,0.00,0.00,40,False,7
4,14,0,0,0,0,0,0,0,0,0,0,0,0.0,0.0,0.0,0.0,0.00,0.00,0.00,0.00,39,True,5
4,15,0,0,0,0,0,0,0,0,0,0,0,0.0,0.0,0.0,0.0,0.00,0.00,0.00,0.00,39,False,2
4,16,0,0,0,0,0,0,0,0,0,0,0,0.0,0.0,0.0,0.0,0.00,0.00,0.00,0.00,39,True,20
4,17,0,0,0,0,0,0,0,0,0,0,0,0.0,0.0,0.0,0.0,0.00,0.00,0.00,0.00,39,False,9
4,18,0,0,0,0,0,0,0,0,0,0,0,0.0,0.0,0.0,0.0,0.00,0.00,0.00,0.00,39,True,6
4,19,0,0,0,0,0,0,0,0,0,0,0,0.0,0.0,0.0,0.0,0.00,0.00,0.00,0.00,39,True,2
4,20,0,0,0,0,0,0,0,0,0,0,0,0.0,0.0,0.0,0.0,0.00,0.00,0.00,0.00,39,False,4
4,21,0,0,0,0,0,0,0,0,0,0,0,0.0,0.0,0.0,0.0,0.00,0.00,0.00,0.00,39,True,12
4,22,0,0,0,0,0,0,0,0,0,0,0,0.0,0.0,0.0,0.0,0.00,0.00,0.00,0.00,39,False,16
4,23,0,0,0,0,0,0,0,0,0,0,0,0.0,0.0,0.0,0.0,0.00,0.00,0.00,0.00,39,True,14
4,24,0,0,0,0,0,0,0,0,0,0,0,0.0,0.0,0.0,0.0,0.00,0.00,0.00,0.00,39,False,11
4,25,0,0,0,0,0,0,0,0,0,0,0,0.0,0.0,0.0,0.0,0.00,0.00,0.00,0.00,39,True,17
4,26,0,0,0,0,0,0,0,0,0,0,0,0.0,0.0,0.0,0.0,0.00,0.00,0.00,0.00,39,False,5
4,26,0,0,0,0,0,0,0,0,0,0,0,0.0,0.0,0.0,0.0,0.00,0.00,0.00,0.00,39,False,20
40,1,90,6,0,0,1,0,0,0,0,0,25,1.7,13.0,3.7,0.0,0.00,0.00,0.00,1.43,45,True,15
40,2,90,2,0,0,0,1,0,0,0,0,12,4.5,17.6,12.3,15.0,0.11,0.03,0.14,1.21,45,False,5
40,3,90,1,0,0,0,3,0,0,0,0,1,1.7,14.4,2.1,0.0,0.00,0.02,0.02,2.67,45,True,8
40,4,90,9,0,0,1,0,0,0,0,1,30,4.5,36.0,1.3,8.0,0.22,0.01,0.23,2.08,45,False,9
40,5,90,4,0,0,0,1,0,0,0,0,16,6.1,34.4,24.4,2.0,0.00,0.03,0.03,1.05,45,False,17
40,6,31,1,0,0,0,1,0,0,0,0,-1,0.3,2.8,0.4,0.0,0.00,0.00,0.00,0.28,45,True,10
40,7,0,0,0,0,0,0,0,0,0,0,0,0.0,0.0,0.0,0.0,0.00,0.00,0.00,0.00,45,True,3
40,8,0,0,0,0,0,0,0,0,0,0,0,0.0,0.0,0.0,0.0,0.00,0.00,0.00,0.00,45,False,18
40,9,0,0,0,0,0,0,0,0,0,0,0,0.0,0.0,0.0,0.0,0.00,0.00,0.00,0.00,45,True,13
40,10,16,1,0,0,0,0,0,0,0,0,4,0.2,2.0,0.4,0.0,0.00,0.00,0.00,0.06,44,False,12
40,11,0,0,0,0,0,0,0,0,0,0,0,0.0,0.0,0.0,0.0,0.00,0.00,0.00,0.00,44,True,4
40,12,0,0,0,0,0,0,0,0,0,0,0,0.0,0.0,0.0,0.0,0.00,0.00,0.00,0.00,44,False,11
40,13,0,0,0,0,0,0,0,0,0,0,0,0.0,0.0,0.0,0.0,0.00,0.00,0.00,0.00,44,True,20
40,14,0,0,0,0,0,0,0,0,0,0,0,0.0,0.0,0.0,0.0,0.00,0.00,0.00,0.00,43,False,6
40,15,0,0,0,0,0,0,0,0,0,0,0,0.0,0.0,0.0,0.0,0.00,0.00,0.00,0.00,43,True,1
40,16,0,0,0,0,0,0,0,0,0,0,0,0.0,0.0,0.0,0.0,0.00,0.00,0.00,0.00,43,False,19
40,17,0,0,0,0,0,0,0,0,0,0,0,0.0,0.0,0.0,0.0,0.00,0.00,0.00,0.00,43,True,14
40,18,0,0,0,0,0,0,0,0,0,0,0,0.0,0.0,0.0,0.0,0.00,0.00,0.00,0.00,43,False,7
40,19,0,0,0,0,0,0,0,0,0,0,0,0.0,0.0,0.0,0.0,0.00,0.00,0.00,0.00,43,False,1
40,20,0,0,0,0,0,0,0,0,0,0,0,0.0,0.0,0.0,0.0,0.00,0.00,0.00,0.00,43,True,16
40,21,0,0,0,0,0,0,0,0,0,0,0,0.0,0.0,0.0,0.0,0.00,0.00,0.00,0.00,43,False,8
40,22,0,0,0,0,0,0,0,0,0,0,0,0.0,0.0,0.0,0.0,0.00,0.00,0.00,0.00,43,True,9
40,23,15,1,0,0,0,0,0,0,0,0,4,0.7,7.0,0.0,0.0,0.00,0.00,0.00,0.13,43,False,15
40,24,0,0,0,0,0,0,0,0,0,0,0,0.0,0.0,0.0,0.0,0.00,0.00,0.00,0.00,43,True,5
40,25,90,2,0,0,0,1,0,0,0,0,12,3.0,19.2,1.0,10.0,0.09,0.01,0.10,2.06,43,False,4
40,26,0,0,0,0,0,0,0,0,0,0,0,0.0,0.0,0.0,0.0,0.00,0.00,0.00,0.00,43,True,6
41,1,0,0,0,0,0,0,0,0,0,0,0,0.0,0.0,0.0,0.0,0.00,0.00,0.00,0.00,45,True,15
41,2,90,2,0,0,0,1,0,0,0,0,8,3.2,17.0,5.8,9.0,0.07,0.13,0.20,1.21,45,False,5
41,3,16,1,0,0,0,1,0,0,0,0,-1,0.4,3.4,0.5,0.0,0.00,0.00,0.00,0.90,45,True,8
41,4,0,0,0,0,0,0,0,0,0,0,0,0.0,0.0,0.0,0.0,0.00,0.00,0.00,0.00,44,False,9
41,5,0,0,0,0,0,0,0,0,0,0,0,0.0,0.0,0.0,0.0,0.00,0.00,0.00,0.00,44,False,17
41,6,58,1,0,0,0,0,0,0,0,0,13,1.3,12.6,0.5,0.0,0.00,0.01,0.01,0.64,44,True,10
41,7,90,4,0,0,0,1,0,0,0,0,20,3.5,29.4,1.6,4.0,0.03,0.01,0.04,0.42,44,True,3
41,8,90,2,0,0,0,1,0,0,0,0,10,1.4,12.4,1.1,0.0,0.00,0.01,0.01,0.75,44,False,18
41,9,90,8,0,0,1,0,0,0,0,2,35,2.2,20.4,1.3,0.0,0.00,0.01,0.01,1.18,43,True,13
41,10,73,1,0,0,0,2,0,0,0,0,8,2.6,25.2,0.3,0.0,0.00,0.00,0.00,1.12,43,False,12
41,11,90,6,0,0,1,0,0,0,0,0,25,0.9,6.4,0.4,2.0,0.00,0.00,0.00,1.61,43,True,4
41,12,90,4,0,0,0,1,0,0,0,0,17,3.4,33.8,0.6,0.0,0.00,0.00,0.00,1.79,43,False,11
41,13,90,6,0,0,1,0,0,0,0,0,24,2.5,14.4,3.1,7.0,0.12,0.02,0.14,0.49,43,True,20
41,14,90,-1,0,0,0,3,0,0,0,0,0,2.0,19.4,0.8,0.0,0.00,0.01,0.01,2.21,43,False,6
41,15,85,5,0,1,0,1,0,0,0,0,17,1.9,13.2,1.3,4.0,0.00,0.02,0.02,1.87,43,True,1
41,16,0,0,0,0,0,0,0,0,0,0,0,0.0,0.0,0.0,0.0,0.00,0.00,0.00,0.00,43,False,19
41,17,0,0,0,0,0,0,0,0,0,0,0,0.0,0.0,0.0,0.0,0.00,0.00,0.00,0.00,43,True,14
41,18,0,0,0,0,0,0,0,0,0,0,0,0.0,0.0,0.0,0.0,0.00,0.00,0.00,0.00,43,False,7
41,19,0,0,0,0,0,0,0,0,0,0,0,0.0,0.0,0.0,0.0,0.00,0.00,0.00,0.00,43,False,1
41,20,0,0,0,0,0,0,0,0,0,0,0,0.0,0.0,0.0,0.0,0.00,0.00,0.00,0.00,43,True,16
41,21,0,0,0,0,0,0,0,0,0,0,0,0.0,0.0,0.0,0.0,0.00,0.00,0.00,0.00,43,False,8
41,22,90,2,0,0,0,1,0,0,0,0,7,2.8,14.6,11.7,2.0,0.00,0.04,0.04,0.51,43,True,9
41,23,74,6,0,0,1,0,0,0,0,0,18,1.9,4.0,0.8,14.0,0.21,0.01,0.22,2.04,43,False,15
41,24,90,2,0,0,0,1,0,0,0,0,15,2.5,9.6,6.5,9.0,0.16,0.06,0.22,0.38,43,True,5
41,25,0,0,0,0,0,0,0,0,0,0,0,0.0,0.0,0.0,0.0,0.00,0.00,0.00,0.00,43,False,4
41,26,0,0,0,0,0,0,0,0,0,0,0,0.0,0.0,0.0,0.0,0.00,0.00,0.00,0.00,43,True,6
42,1,0,0,0,0,0,0,0,0,0,0,0,0.0,0.0,0.0,0.0,0.00,0.00,0.00,0.00,40,True,15
42,2,0,0,0,0,0,0,0,0,0,0,0,0.0,0.0,0.0,0.0,0.00,0.00,0.00,0.00,40,False,5
42,3,0,0,0,0,0,0,0,0,0,0,0,0.0,0.0,0.0,0.0,0.00,0.00,0.00,0.00,40,True,8
42,4,0,0,0,0,0,0,0,0,0,0,0,0.0,0.0,0.0,0.0,0.00,0.00,0.00,0.00,39,False,9
42,5,0,0,0,0,0,0,0,0,0,0,0,0.0,0.0,0.0,0.0,0.00,0.00,0.00,0.00,39,False,17
42,6,0,0,0,0,0,0,0,0,0,0,0,0.0,0.0,0.0,0.0,0.00,0.00,0.00,0.00,39,True,10
42,7,0,0,0,0,0,0,0,0,0,0,0,0.0,0.0,0.0,0.0,0.00,0.00,0.00,0.00,39,True,3
42,8,0,0,0,0,0,0,0,0,0,0,0,0.0,0.0,0.0,0.0,0.00,0.00,0.00,0.00,39,False,18
42,9,0,0,0,0,0,0,0,0,0,0,0,0.0,0.0,0.0,0.0,0.00,0.00,0.00,0.00,39,True,13
42,10,0,0,0,0,0,0,0,0,0,0,0,0.0,0.0,0.0,0.0,0.00,0.00,0.00,0.00,39,False,12
42,11,0,0,0,0,0,0,0,0,0,0,0,0.0,0.0,0.0,0.0,0.00,0.00,0.00,0.00,39,True,4
42,12,0,0,0,0,0,0,0,0,0,0,0,0.0,0.0,0.0,0.0,0.00,0.00,0.00,0.00,39,False,11
42,13,0,0,0,0,0,0,0,0,0,0,0,0.0,0.0,0.0,0.0,0.00,0.00,0.00,0.00,39,True,20
42,14,0,0,0,0,0,0,0,0,0,0,0,0.0,0.0,0.0,0.0,0.00,0.00,0.00,0.00,39,False,6
42,15,0,0,0,0,0,0,0,0,0,0,0,0.0,0.0,0.0,0.0,0.00,0.00,0.00,0.00,39,True,1
42,16,0,0,0,0,0,0,0,0,0,0,0,0.0,0.0,0.0,0.0,0.00,0.00,0.00,0.00,39,False,19
42,17,0,0,0,0,0,0,0,0,0,0,0,0.0,0.0,0.0,0.0,0.00,0.00,0.00,0.00,39,True,14
42,18,0,0,0,0,0,0,0,0,0,0,0,0.0,0.0,0.0,0.0,0.00,0.00,0.00,0.00,39,False,7
42,19,29,0,0,0,0,2,0,0,0,0,-6,0.2,0.6,1.4,0.0,0.00,0.01,0.01,1.43,39,False,1
42,20,1,1,0,0,0,0,0,0,0,0,3,0.0,0.0,0.1,0.0,0.00,0.00,0.00,0.09,39,True,16
42,21,0,0,0,0,0,0,0,0,0,0,0,0.0,0.0,0.0,0.0,0.00,0.00,0.00,0.00,39,False,8
42,22,0,0,0,0,0,0,0,0,0,0,0,0.0,0.0,0.0,0.0,0.00,0.00,0.00,0.00,39,True,9
42,23,0,0,0,0,0,0,0,0,0,0,0,0.0,0.0,0.0,0.0,0.00,0.00,0.00,0.00,39,False,15
42,24,0,0,0,0,0,0,0,0,0,0,0,0.0,0.0,0.0,0.0,0.00,0.00,0.00,0.00,39,True,5
42,25,0,0,0,0,0,0,0,0,0,0,0,0.0,0.0,0.0,0.0,0.00,0.00,0.00,0.00,39,False,4
42,26,0,0,0,0,0,0,0,0,0,0,0,0.0,0.0,0.0,0.0,0.00,0.00,0.00,0.00,39,True,6
43,1,0,0,0,0,0,0,0,0,0,0,0,0.0,0.0,0.0,0.0,0.00,0.00,0.00,0.00,40,True,15
43,2,0,0,0,0,0,0,0,0,0,0,0,0.0,0.0,0.0,0.0,0.00,0.00,0.00,0.00,40,False,5
43,3,0,0,0,0,0,0,0,0,0,0,0,0.0,0.0,0.0,0.0,0.00,0.00,0.00,0.00,40,True,8
43,4,0,0,0,0,0,0,0,0,0,0,0,0.0,0.0,0.0,0.0,0.00,0.00,0.00,0.00,40,False,9
43,5,0,0,0,0,0,0,0,0,0,0,0,0.0,0.0,0.0,0.0,0.00,0.00,0.00,0.00,40,False,17
43,6,0,0,0,0,0,0,0,0,0,0,0,0.0,0.0,0.0,0.0,0.00,0.00,0.00,0.00,40,True,10
43,7,0,0,0,0,0,0,0,0,0,0,0,0.0,0.0,0.0,0.0,0.00,0.00,0.00,0.00,40,True,3
43,8,0,0,0,0,0,0,0,0,0,0,0,0.0,0.0,0.0,0.0,0.00,0.00,0.00,0.00,40,False,18
43,9,0,0,0,0,0,0,0,0,0,0,0,0.0,0.0,0.0,0.0,0.00,0.00,0.00,0.00,40,True,13
43,10,0,0,0,0,0,0,0,0,0,0,0,0.0,0.0,0.0,0.0,0.00,0.00,0.00,0.00,40,False,12
43,11,0,0,0,0,0,0,0,0,0,0,0,0.0,0.0,0.0,0.0,0.00,0.00,0.00,0.00,40,True,4
43,12,0,0,0,0,0,0,0,0,0,0,0,0.0,0.0,0.0,0.0,0.00,0.00,0.00,0.00,40,False,11
43,13,0,0,0,0,0,0,0,0,0,0,0,0.0,0.0,0.0,0.0,0.00,0.00,0.00,0.00,40,True,20
43,14,0,0,0,0,0,0,0,0,0,0,0,0.0,0.0,0.0,0.0,0.00,0.00,0.00,0.00,40,False,6
43,15,0,0,0,0,0,0,0,0,0,0,0,0.0,0.0,0.0,0.0,0.00,0.00,0.00,0.00,40,True,1
43,16,0,0,0,0,0,0,0,0,0,0,0,0.0,0.0,0.0,0.0,0.00,0.00,0.00,0.00,40,False,19
43,17,0,0,0,0,0,0,0,0,0,0,0,0.0,0.0,0.0,0.0,0.00,0.00,0.00,0.00,40,True,14
43,18,0,0,0,0,0,0,0,0,0,0,0,0.0,0.0,0.0,0.0,0.00,0.00,0.00,0.00,40,False,7
43,19,0,0,0,0,0,0,0,0,0,0,0,0.0,0.0,0.0,0.0,0.00,0.00,0.00,0.00,40,False,1
43,20,0,0,0,0,0,0,0,0,0,0,0,0.0,0.0,0.0,0.0,0.00,0.00,0.00,0.00,40,True,16
43,21,0,0,0,0,0,0,0,0,0,0,0,0.0,0.0,0.0,0.0,0.00,0.00,0.00,0.00,40,False,8
43,22,0,0,0,0,0,0,0,0,0,0,0,0.0,0.0,0.0,0.0,0.00,0.00,0.00,0.00,40,True,9
43,23,0,0,0,0,0,0,0,0,0,0,0,0.0,0.0,0.0,0.0,0.00,0.00,0.00,0.00,40,False,15
43,24,0,0,0,0,0,0,0,0,0,0,0,0.0,0.0,0.0,0.0,0.00,0.00,0.00,0.00,40,True,5
43,25,0,0,0,0,0,0,0,0,0,0,0,0.0,0.0,0.0,0.0,0.00,0.00,0.00,0.00,40,False,4
43,26,0,0,0,0,0,0,0,0,0,0,0,0.0,0.0,0.0,0.0,0.00,0.00,0.00,0.00,40,True,6
44,1,0,0,0,0,0,0,0,0,0,0,0,0.0,0.0,0.0,0.0,0.00,0.00,0.00,0.00,40,True,15
44,2,16,0,0,0,0,0,1,0,0,0,-3,0.3,0.0,2.3,2.0,0.00,0.03,0.03,0.11,40,False,5
44,3,6,1,0,0,0,0,0,0,0,0,3,0.2,0.2,1.7,0.0,0.00,0.00,0.00,0.38,40,True,8
44,4,82,9,0,0,1,0,0,0,0,3,35,1.5,13.0,2.0,0.0,0.00,0.02,0.02,1.60,40,False,9
44,5,8,1,0,0,0,0,0,0,0,0,2,0.5,0.0,1.3,4.0,0.00,0.00,0.00,0.00,40,False,17
44,6,81,2,0,0,0,1,0,0,0,0,2,1.6,3.2,12.8,0.0,0.00,0.02,0.02,0.80,40,True,10
44,7,89,2,0,0,0,1,0,0,0,0,8,1.6,3.8,12.0,0.0,0.00,0.01,0.01,0.39,40,True,3
44,8,0,0,0,0,0,0,0,0,0,0,0,0.0,0.0,0.0,0.0,0.00,0.00,0.00,0.00,40,False,18
44,9,0,0,0,0,0,0,0,0,0,0,0,0.0,0.0,0.0,0.0,0.00,0.00,0.00,0.00,40,True,13
44,10,0,0,0,0,0,0,0,0,0,0,0,0.0,0.0,0.0,0.0,0.00,0.00,0.00,0.00,40,False,12
44,11,9,1,0,0,0,0,0,0,0,0,5,1.1,10.4,0.3,0.0,0.00,0.01,0.01,0.09,40,True,4
44,12,6,1,0,0,0,0,0,0,0,0,2,0.1,0.6,0.1,0.0,0.00,0.00,0.00,0.20,40,False,11
44,13,2,1,0,0,0,0,0,0,0,0,3,0.3,2.4,0.2,0.0,0.00,0.00,0.00,0.20,40,True,20
44,14,4,1,0,0,0,0,0,0,0,0,4,0.6,6.0,0.1,0.0,0.00,0.00,0.00,0.66,40,False,6
44,15,15,1,0,0,0,0,0,0,0,0,3,0.2,1.6,0.7,0.0,0.00,0.01,0.01,0.05,40,True,1
44,16,0,0,0,0,0,0,0,0,0,0,0,0.0,0.0,0.0,0.0,0.00,0.00,0.00,0.00,40,False,19
44,17,2,0,0,0,0,0,1,0,0,0,1,0.0,0.0,0.1,0.0,0.00,0.00,0.00,0.06,40,True,14
44,18,7,1,0,0,0,0,0,0,0,0,2,0.5,5.0,0.1,0.0,0.00,0.00,0.00,0.03,40,False,7
44,19,90,-1,0,0,0,4,1,0,0,0,-9,1.3,9.8,3.3,0.0,0.00,0.01,0.01,3.04,40,False,1
44,20,7,0,0,0,0,0,1,0,0,0,1,0.0,0.0,0.1,0.0,0.00,0.00,0.00,0.09,40,True,16
44,21,8,1,0,0,0,0,0,0,0,0,3,0.3,2.2,0.3,0.0,0.00,0.01,0.01,0.00,40,False,8
44,22,72,1,0,0,0,1,1,0,0,0,9,1.4,8.8,2.9,2.0,0.00,0.02,0.02,0.51,40,True,9
44,23,16,1,0,0,0,0,0,0,0,0,3,0.3,2.8,0.5,0.0,0.00,0.00,0.00,0.13,40,False,15
44,24,45,1,0,0,0,1,0,0,0,0,0,0.4,2.4,1.3,0.0,0.00,0.00,0.00,0.27,40,True,5
44,25,4,1,0,0,0,0,0,0,0,0,5,0.3,2.2,0.8,0.0,0.00,0.01,0.01,0.35,40,False,4
44,26,0,0,0,0,0,0,0,0,0,0,0,0.0,0.0,0.0,0.0,0.00,0.00,0.00,0.00,40,True,6
45,1,0,0,0,0,0,0,0,0,0,0,0,0.0,0.0,0.0,0.0,0.00,0.00,0.00,0.00,40,True,15
45,2,0,0,0,0,0,0,0,0,0,0,0,0.0,0.0,0.0,0.0,0.00,0.00,0.00,0.00,40,False,5
45,3,0,0,0,0,0,0,0,0,0,0,0,0.0,0.0,0.0,0.0,0.00,0.00,0.00,0.00,40,True,8
45,4,0,0,0,0,0,0,0,0,0,0,0,0.0,0.0,0.0,0.0,0.00,0.00,0.00,0.00,40,False,9
45,5,0,0,0,0,0,0,0,0,0,0,0,0.0,0.0,0.0,0.0,0.00,0.00,0.00,0.00,40,False,17
45,6,0,0,0,0,0,0,0,0,0,0,0,0.0,0.0,0.0,0.0,0.00,0.00,0.00,0.00,40,True,10
45,7,0,0,0,0,0,0,0,0,0,0,0,0.0,0.0,0.0,0.0,0.00,0.00,0.00,0.00,40,True,3
45,8,0,0,0,0,0,0,0,0,0,0,0,0.0,0.0,0.0,0.0,0.00,0.00,0.00,0.00,40,False,18
45,9,0,0,0,0,0,0,0,0,0,0,0,0.0,0.0,0.0,0.0,0.00,0.00,0.00,0.00,40,True,13
45,10,0,0,0,0,0,0,0,0,0,0,0,0.0,0.0,0.0,0.0,0.00,0.00,0.00,0.00,40,False,12
45,11,0,0,0,0,0,0,0,0,0,0,0,0.0,0.0,0.0,0.0,0.00,0.00,0.00,0.00,39,True,4
45,12,0,0,0,0,0,0,0,0,0,0,0,0.0,0.0,0.0,0.0,0.00,0.00,0.00,0.00,39,False,11
45,13,0,0,0,0,0,0,0,0,0,0,0,0.0,0.0,0.0,0.0,0.00,0.00,0.00,0.00,39,True,20
45,14,0,0,0,0,0,0,0,0,0,0,0,0.0,0.0,0.0,0.0,0.00,0.00,0.00,0.00,39,False,6
45,15,0,0,0,0,0,0,0,0,0,0,0,0.0,0.0,0.0,0.0,0.00,0.00,0.00,0.00,39,True,1
45,16,0,0,0,0,0,0,0,0,0,0,0,0.0,0.0,0.0,0.0,0.00,0.00,0.00,0.00,39,False,19
45,17,0,0,0,0,0,0,0,0,0,0,0,0.0,0.0,0.0,0.0,0.00,0.00,0.00,0.00,39,True,14
45,18,0,0,0,0,0,0,0,0,0,0,0,0.0,0.0,0.0,0.0,0.00,0.00,0.00,0.00,39,False,7
45,19,0,0,0,0,0,0,0,0,0,0,0,0.0,0.0,0.0,0.0,0.00,0.00,0.00,0.00,39,False,1
45,20,0,0,0,0,0,0,0,0,0,0,0,0.0,0.0,0.0,0.0,0.00,0.00,0.00,0.00,39,True,16
45,21,0,0,0,0,0,0,0,0,0,0,0,0.0,0.0,0.0,0.0,0.00,0.00,0.00,0.00,39,False,8
45,22,0,0,0,0,0,0,0,0,0,0,0,0.0,0.0,0.0,0.0,0.00,0.00,0.00,0.00,39,True,9
45,23,0,0,0,0,0,0,0,0,0,0,0,0.0,0.0,0.0,0.0,0.00,0.00,0.00,0.00,38,False,15
45,24,0,0,0,0,0,0,0,0,0,0,0,0.0,0.0,0.0,0.0,0.00,0.00,0.00,0.00,38,True,5
45,25,0,0,0,0,0,0,0,0,0,0,0,0.0,0.0,0.0,0.0,0.00,0.00,0.00,0.00,38,False,4
45,26,0,0,0,0,0,0,0,0,0,0,0,0.0,0.0,0.0,0.0,0.00,0.00,0.00,0.00,38,True,6
5,1,90,6,0,0,1,0,0,0,0,0,23,2.7,22.8,0.3,4.0,0.00,0.00,0.00,1.52,60,False,14
5,2,90,6,0,0,1,0,0,0,0,0,26,2.3,13.4,3.3,6.0,0.04,0.01,0.05,0.17,60,True,11
5,3,90,2,0,0,0,1,0,0,0,0,8,1.9,15.4,1.4,2.0,0.02,0.01,0.03,0.52,61,False,12
5,4,90,9,0,0,1,0,0,0,0,1,32,3.8,28.0,1.3,9.0,0.20,0.01,0.21,0.20,61,True,16
5,5,90,2,0,0,0,1,0,0,0,0,13,2.2,19.6,2.3,0.0,0.00,0.01,0.01,0.89,61,True,13
5,6,90,13,1,0,0,1,0,0,0,3,34,11.2,76.8,2.5,33.0,0.22,0.02,0.24,0.61,61,False,15
5,7,90,9,0,0,1,0,0,0,0,1,33,2.9,24.6,2.0,2.0,0.00,0.03,0.03,0.49,62,True,19
5,8,90,12,0,1,1,0,0,0,0,3,33,6.0,33.4,11.6,15.0,0.24,0.02,0.26,0.44,63,False,10
5,9,90,9,0,0,1,0,0,0,0,3,32,4.7,27.2,11.2,9.0,0.10,0.03,0.13,0.47,64,True,8
5,10,90,12,0,1,1,0,1,0,0,2,39,5.1,36.0,11.3,4.0,0.00,0.52,0.52,0.42,65,False,3
5,11,90,1,0,0,0,2,0,0,0,0,6,4.1,21.4,15.4,4.0,0.00,0.03,0.03,0.44,66,False,17
5,12,0,0,0,0,0,0,0,0,0,0,0,0.0,0.0,0.0,0.0,0.00,0.00,0.00,0.00,65,True,18
5,13,0,0,0,0,0,0,0,0,0,0,0,0.0,0.0,0.0,0.0,0.00,0.00,0.00,0.00,64,False,7
5,14,0,0,0,0,0,0,0,0,0,0,0,0.0,0.0,0.0,0.0,0.00,0.00,0.00,0.00,63,True,5
5,15,0,0,0,0,0,0,0,0,0,0,0,0.0,0.0,0.0,0.0,0.00,0.00,0.00,0.00,63,False,2
5,16,0,0,0,0,0,0,0,0,0,0,0,0.0,0.0,0.0,0.0,0.00,0.00,0.00,0.00,62,True,20
5,17,0,0,0,0,0,0,0,0,0,0,0,0.0,0.0,0.0,0.0,0.00,0.00,0.00,0.00,62,False,9
5,18,19,1,0,0,0,0,0,0,0,0,2,0.3,0.0,0.2,4.0,0.02,0.00,0.02,0.32,62,True,6
5,19,76,15,1,0,1,0,0,0,0,3,40,8.4,47.8,1.4,35.0,0.41,0.01,0.42,0.67,63,True,2
5,20,90,9,1,0,0,2,0,0,0,0,16,7.6,55.4,1.5,19.0,0.17,0.01,0.18,1.43,65,False,4
5,21,90,6,0,0,1,0,0,0,0,0,25,4.1,21.8,7.3,12.0,0.14,0.05,0.19,0.36,66,True,12
5,22,90,8,0,0,1,0,0,0,0,2,28,2.6,19.6,1.6,5.0,0.14,0.01,0.15,0.34,68,False,16
5,23,90,1,0,0,0,3,0,0,0,0,1,2.0,13.4,4.2,2.0,0.00,0.01,0.01,0.71,69,True,14
5,24,90,8,0,0,1,0,0,0,0,0,30,5.3,33.6,0.8,19.0,0.02,0.05,0.07,0.15,70,False,11
5,25,90,6,0,0,1,0,0,0,0,0,28,1.9,17.2,1.7,0.0,0.00,0.01,0.01,0.19,71,True,17
5,26,0,0,0,0,0,0,0,0,0,0,0,0.0,0.0,0.0,0.0,0.00,0.00,0.00,0.00,71,False,5
5,26,0,0,0,0,0,0,0,0,0,0,0,0.0,0.0,0.0,0.0,0.00,0.00,0.00,0.00,71,False,20
6,1,90,9,0,0,1,0,0,0,0,1,25,3.2,31.4,0.1,0.0,0.00,0.00,0.00,1.52,60,False,14
6,2,90,6,0,0,1,0,0,0,0,0,27,2.3,18.4,2.1,2.0,0.00,0.01,0.01,0.17,60,True,11
6,3,4,1,0,0,0,0,0,0,0,0,4,0.3,3.0,0.0,0.0,0.00,0.00,0.00,0.00,61,False,12
6,4,0,0,0,0,0,0,0,0,0,0,0,0.0,0.0,0.0,0.0,0.00,0.00,0.00,0.00,61,True,16
6,5,90,2,0,0,0,1,0,0,0,0,15,2.9,22.0,3.0,4.0,0.13,0.02,0.15,0.89,60,True,13
6,6,45,1,0,0,0,0,0,0,0,0,8,1.9,5.4,11.8,2.0,0.00,0.07,0.07,0.20,60,False,15
6,7,90,6,0,0,1,0,0,0,0,0,30,3.0,28.2,2.2,0.0,0.00,0.02,0.02,0.49,60,True,19
6,8,90,6,0,0,1,0,0,0,0,0,26,2.2,17.4,2.8,2.0,0.00,0.05,0.05,0.44,60,False,10
6,9,45,1,0,0,0,0,0,0,0,0,10,0.9,7.4,1.5,0.0,0.00,0.02,0.02,0.08,60,True,8
6,10,90,6,0,0,1,0,0,0,0,0,29,2.5,19.2,6.1,0.0,0.00,0.01,0.01,0.42,60,False,3
6,11,90,1,0,0,0,2,0,0,0,0,4,2.8,17.2,4.5,6.0,0.16,0.03,0.19,0.44,60,False,17
6,12,90,2,0,0,0,1,0,0,0,0,12,1.7,15.6,1.5,0.0,0.00,0.01,0.01,0.07,60,True,18
6,13,0,0,0,0,0,0,0,0,0,0,0,0.0,0.0,0.0,0.0,0.00,0.00,0.00,0.00,60,False,7
6,14,0,0,0,0,0,0,0,0,0,0,0,0.0,0.0,0.0,0.0,0.00,0.00,0.00,0.00,60,True,5
6,15,0,0,0,0,0,0,0,0,0,0,0,0.0,0.0,0.0,0.0,0.00,0.00,0.00,0.00,60,False,2
6,16,90,2,0,0,0,1,0,0,0,0,14,2.6,16.4,5.1,4.0,0.00,0.02,0.02,0.38,60,True,20
6,17,90,6,0,0,1,0,0,0,0,0,27,1.8,17.0,1.4,0.0,0.00,0.02,0.02,0.20,59,False,9
6,18,90,2,0,0,0,1,0,0,0,0,10,1.3,10.4,0.8,2.0,0.00,0.00,0.00,0.85,59,True,6
6,19,90,2,0,0,0,1,0,0,0,0,10,1.0,9.4,1.0,0.0,0.00,0.01,0.01,2.67,59,True,2
6,20,90,1,0,0,0,2,0,0,0,0,9,1.8,16.8,0.8,0.0,0.00,0.00,0.00,1.43,59,False,4
6,21,90,7,0,0,1,0,0,0,0,1,28,3.3,13.8,19.3,0.0,0.00,0.15,0.15,0.36,59,True,12
6,22,90,8,0,0,1,0,0,0,0,2,28,3.7,17.6,11.0,8.0,0.09,0.02,0.11,0.34,60,False,16
6,23,90,1,0,0,0,3,0,0,0,0,5,5.1,14.6,34.8,2.0,0.00,0.09,0.09,0.71,60,True,14
6,24,90,6,0,0,1,0,0,0,0,0,21,1.3,10.2,3.1,0.0,0.00,0.02,0.02,0.15,60,False,11
6,25,90,7,0,0,1,0,1,0,0,0,28,2.7,20.4,6.4,0.0,0.00,0.02,0.02,0.19,60,True,17
6,26,0,0,0,0,0,0,0,0,0,0,0,0.0,0.0,0.0,0.0,0.00,0.00,0.00,0.00,61,False,5
6,26,0,0,0,0,0,0,0,0,0,0,0,0.0,0.0,0.0,0.0,0.00,0.00,0.00,0.00,61,False,20
662,1,0,0,0,0,0,0,0,0,0,0,0,0.0,0.0,0.0,0.0,0.00,0.00,0.00,0.00,55,False,14
662,2,26,1,0,0,0,0,0,0,0,0,7,0.5,4.8,0.0,0.0,0.00,0.00,0.00,0.00,55,True,11
662,3,85,2,0,0,0,1,0,0,0,0,14,2.8,25.2,0.8,2.0,0.00,0.00,0.00,0.52,54,False,12
662,4,90,7,0,0,1,0,0,0,0,1,32,2.5,21.4,1.6,2.0,0.00,0.04,0.04,0.20,54,True,16
662,5,1,1,0,0,0,0,0,0,0,0,3,0.0,0.0,0.0,0.0,0.00,0.00,0.00,0.00,54,True,13
662,6,45,1,0,0,0,1,0,0,0,0,1,0.4,3.8,0.2,0.0,0.00,0.00,0.00,0.41,54,False,15
662,7,0,0,0,0,0,0,0,0,0,0,0,0.0,0.0,0.0,0.0,0.00,0.00,0.00,0.00,54,True,19
662,8,0,0,0,0,0,0,0,0,0,0,0,0.0,0.0,0.0,0.0,0.00,0.00,0.00,0.00,54,False,10
662,9,45,1,0,0,0,0,0,0,0,0,7,2.7,11.8,10.8,4.0,0.00,0.05,0.05,0.39,54,True,8
662,10,0,0,0,0,0,0,0,0,0,0,0,0.0,0.0,0.0,0.0,0.00,0.00,0.00,0.00,54,False,3
662,11,2,1,0,0,0,1,0,0,0,0,0,0.1,0.4,0.5,0.0,0.00,0.00,0.00,0.11,54,False,17
662,12,2,1,0,0,0,0,0,0,0,0,3,0.0,0.2,0.0,0.0,0.00,0.00,0.00,0.00,54,True,18
662,13,90,1,0,0,0,1,1,0,0,0,9,1.7,12.4,5.0,0.0,0.00,0.03,0.03,0.79,54,False,7
662,14,43,1,0,0,0,0,0,0,0,0,9,0.8,4.0,4.3,0.0,0.00,0.31,0.31,0.26,54,True,5
662,15,0,0,0,0,0,0,0,0,0,0,0,0.0,0.0,0.0,0.0,0.00,0.00,0.00,0.00,54,False,2
662,16,0,0,0,0,0,0,0,0,0,0,0,0.0,0.0,0.0,0.0,0.00,0.00,0.00,0.00,54,True,20
662,17,0,0,0,0,0,0,0,0,0,0,0,0.0,0.0,0.0,0.0,0.00,0.00,0.00,0.00,54,False,9
662,18,0,0,0,0,0,0,0,0,0,0,0,0.0,0.0,0.0,0.0,0.00,0.00,0.00,0.00,54,True,6
662,19,0,0,0,0,0,0,0,0,0,0,0,0.0,0.0,0.0,0.0,0.00,0.00,0.00,0.00,54,True,2
662,20,0,0,0,0,0,0,0,0,0,0,0,0.0,0.0,0.0,0.0,0.00,0.00,0.00,0.00,53,False,4
662,21,0,0,0,0,0,0,0,0,0,0,0,0.0,0.0,0.0,0.0,0.00,0.00,0.00,0.00,53,True,12
662,22,0,0,0,0,0,0,0,0,0,0,0,0.0,0.0,0.0,0.0,0.00,0.00,0.00,0.00,53,False,16
662,23,0,0,0,0,0,0,0,0,0,0,0,0.0,0.0,0.0,0.0,0.00,0.00,0.00,0.00,53,True,14
662,24,0,0,0,0,0,0,0,0,0,0,0,0.0,0.0,0.0,0.0,0.00,0.00,0.00,0.00,53,False,11
662,25,0,0,0,0,0,0,0,0,0,0,0,0.0,0.0,0.0,0.0,0.00,0.00,0.00,0.00,53,True,17
662,26,0,0,0,0,0,0,0,0,0,0,0,0.0,0.0,0.0,0.0,0.00,0.00,0.00,0.00,53,False,5
662,26,0,0,0,0,0,0,0,0,0,0,0,0.0,0.0,0.0,0.0,0.00,0.00,0.00,0.00,53,False,20
666,1,59,1,0,0,0,0,0,0,0,0,0,1.2,0.4,5.5,6.0,0.00,0.06,0.06,0.70,90,False,14
666,2,90,12,2,0,1,0,0,0,0,2,44,11.3,67.0,1.6,44.0,1.28,0.03,1.31,0.17,90,True,11
666,3,90,1,0,0,0,1,1,0,0,0,8,3.7,7.0,26.0,4.0,0.00,0.16,0.16,0.52,90,False,12
666,4,67,6,1,0,1,0,0,0,0,0,30,9.0,34.6,11.3,44.0,0.84,0.02,0.86,0.10,90,True,16
666,5,90,2,0,0,0,1,0,0,0,0,3,1.4,0.2,1.8,12.0,0.00,0.01,0.01,0.89,90,True,13
666,6,90,2,0,0,0,1,0,0,0,0,9,8.1,7.6,21.7,52.0,0.26,0.12,0.38,0.61,90,False,15
666,7,90,2,0,0,1,0,0,0,0,0,-1,5.5,1.4,1.3,52.0,0.63,0.05,0.68,0.49,90,True,19
666,8,90,2,0,0,1,0,0,0,0,0,11,5.2,3.4,0.9,48.0,0.40,0.02,0.42,0.44,91,False,10
666,9,90,2,0,0,1,0,0,0,0,0,0,1.5,0.0,3.3,13.0,0.17,0.02,0.19,0.47,90,True,8
666,10,45,7,1,0,0,0,0,0,0,2,39,10.8,37.0,33.5,37.0,0.87,0.17,1.04,0.00,90,False,3
666,11,0,0,0,0,0,0,0,0,0,0,0,0.0,0.0,0.0,0.0,0.00,0.00,0.00,0.00,89,False,17
666,12,0,0,0,0,0,0,0,0,0,0,0,0.0,0.0,0.0,0.0,0.00,0.00,0.00,0.00,88,True,18
666,13,18,0,0,0,0,0,1,0,0,0,0,0.2,0.0,0.3,2.0,0.00,0.00,0.00,0.17,88,False,7
666,14,7,1,0,0,0,0,0,0,0,0,3,0.1,0.0,1.3,0.0,0.00,0.00,0.00,0.07,88,True,5
666,15,45,1,0,0,0,1,0,0,0,0,3,0.6,1.2,0.8,4.0,0.00,0.03,0.03,1.30,88,False,2
666,16,80,2,0,0,1,0,0,0,0,0,4,1.0,0.0,0.3,12.0,0.04,0.00,0.04,0.28,88,True,20
666,17,64,5,1,0,1,0,1,0,0,0,17,7.5,31.2,10.6,33.0,0.91,0.15,1.06,0.18,88,False,9
666,18,70,2,0,0,0,1,0,0,0,0,5,4.6,5.0,0.7,40.0,0.60,0.01,0.61,0.54,88,True,6
666,19,76,2,0,0,1,0,0,0,0,0,-3,1.4,0.0,0.6,15.0,0.24,0.01,0.25,0.67,88,True,2
666,20,65,2,0,0,0,1,0,0,0,0,5,1.4,2.4,1.7,10.0,0.03,0.00,0.03,1.37,88,False,4
666,21,63,2,0,0,1,0,0,0,0,0,6,1.7,1.4,13.2,2.0,0.00,0.02,0.02,0.21,88,True,12
666,22,56,1,0,0,0,0,0,0,0,0,1,0.7,0.0,2.4,6.0,0.10,0.02,0.12,0.24,87,False,16
666,23,32,1,0,0,0,1,0,0,0,0,1,0.2,0.0,0.5,4.0,0.03,0.00,0.03,0.27,87,True,14
666,24,75,7,1,0,1,0,0,0,0,1,32,9.3,36.2,12.4,44.0,0.56,0.01,0.57,0.12,87,False,11
666,25,30,12,2,0,0,0,0,0,0,3,54,11.6,66.0,0.3,50.0,0.92,0.00,0.92,0.02,87,True,17
666,26,0,0,0,0,0,0,0,0,0,0,0,0.0,0.0,0.0,0.0,0.00,0.00,0.00,0.00,88,False,5
666,26,0,0,0,0,0,0,0,0,0,0,0,0.0,0.0,0.0,0.0,0.00,0.00,0.00,0.00,88,False,20
7,1,71,13,1,0,1,0,1,0,0,2,33,7.3,36.2,2.1,35.0,0.91,0.01,0.92,0.87,55,False,14
7,2,63,13,0,2,1,0,0,0,0,1,38,8.1,38.0,21.4,22.0,0.39,0.01,0.40,0.17,55,True,11
7,3,90,2,0,0,0,1,0,0,0,0,9,2.3,9.8,1.9,11.0,0.13,0.01,0.14,0.52,56,False,12
7,4,67,5,0,0,1,0,1,0,0,0,16,2.0,5.4,12.6,2.0,0.00,0.01,0.01,0.10,57,True,16
7,5,90,2,0,0,0,1,0,0,0,0,7,2.9,3.6,6.2,19.0,0.14,0.05,0.19,0.89,57,True,13
7,6,69,1,0,0,0,1,1,0,0,0,0,3.0,3.6,16.8,10.0,0.10,0.04,0.14,0.53,57,False,15
7,7,74,6,0,0,1,0,0,0,0,0,26,3.3,8.8,5.4,19.0,0.17,0.02,0.19,0.36,57,True,19
7,8,90,6,0,0,1,0,0,0,0,0,26,3.0,12.6,8.0,9.0,0.04,0.02,0.06,0.44,57,False,10
7,9,81,6,0,0,1,0,0,0,0,0,26,1.0,4.6,3.8,2.0,0.07,0.02,0.09,0.46,58,True,8
7,10,71,6,0,0,1,0,0,0,0,0,33,3.6,16.0,3.3,17.0,0.06,0.01,0.07,0.02,58,False,3
7,11,90,1,0,0,0,2,0,0,0,0,-1,5.4,11.4,7.8,35.0,0.23,0.05,0.28,0.44,58,False,17
7,12,90,2,0,0,0,1,0,0,0,0,9,1.8,9.6,2.3,6.0,0.07,0.03,0.10,0.07,58,True,18
7,13,45,0,0,0,0,0,1,0,0,0,5,1.6,15.0,1.2,0.0,0.00,0.01,0.01,0.31,58,False,7
7,14,90,7,0,0,1,0,0,0,0,1,33,5.5,24.8,4.4,26.0,0.18,0.03,0.21,0.35,58,True,5
7,15,85,1,0,0,0,1,1,0,0,0,2,1.6,6.6,3.1,6.0,0.00,0.01,0.01,1.36,58,False,2
7,16,0,0,0,0,0,0,0,0,0,0,0,0.0,0.0,0.0,0.0,0.00,0.00,0.00,0.00,57,True,20
7,17,90,6,0,0,1,0,0,0,0,0,25,2.1,16.0,4.5,0.0,0.00,0.03,0.03,0.20,57,False,9
7,18,0,0,0,0,0,0,0,0,0,0,0,0.0,0.0,0.0,0.0,0.00,0.00,0.00,0.00,57,True,6
7,19,0,0,0,0,0,0,0,0,0,0,0,0.0,0.0,0.0,0.0,0.00,0.00,0.00,0.00,57,True,2
7,20,0,0,0,0,0,0,0,0,0,0,0,0.0,0.0,0.0,0.0,0.00,0.00,0.00,0.00,57,False,4
7,21,0,0,0,0,0,0,0,0,0,0,0,0.0,0.0,0.0,0.0,0.00,0.00,0.00,0.00,56,True,12
7,22,0,0,0,0,0,0,0,0,0,0,0,0.0,0.0,0.0,0.0,0.00,0.00,0.00,0.00,56,False,16
7,23,0,0,0,0,0,0,0,0,0,0,0,0.0,0.0,0.0,0.0,0.00,0.00,0.00,0.00,56,True,14
7,24,15,1,0,0,0,0,0,0,0,0,2,0.8,0.2,0.6,7.0,0.25,0.01,0.26,0.03,56,False,11
7,25,66,6,0,0,1,0,0,0,0,0,18,1.1,4.8,2.3,4.0,0.03,0.02,0.05,0.17,56,True,17
7,26,0,0,0,0,0,0,0,0,0,0,0,0.0,0.0,0.0,0.0,0.00,0.00,0.00,0.00,56,False,5
7,26,0,0,0,0,0,0,0,0,0,0,0,0.0,0.0,0.0,0.0,0.00,0.00,0.00,0.00,56,False,20
700,2,26,4,0,1,0,0,0,0,0,0,13,1.7,1.0,0.5,15.0,0.08,0.02,0.10,0.00,45,True,11
700,3,1,1,0,0,0,0,0,0,0,0,0,1.1,0.0,0.3,11.0,0.06,0.00,0.06,0.12,45,False,12
700,4,0,0,0,0,0,0,0,0,0,0,0,0.0,0.0,0.0,0.0,0.00,0.00,0.00,0.00,45,True,16
700,5,0,0,0,0,0,0,0,0,0,0,0,0.0,0.0,0.0,0.0,0.00,0.00,0.00,0.00,45,True,13
700,6,0,0,0,0,0,0,0,0,0,0,0,0.0,0.0,0.0,0.0,0.00,0.00,0.00,0.00,45,False,15
700,7,0,0,0,0,0,0,0,0,0,0,0,0.0,0.0,0.0,0.0,0.00,0.00,0.00,0.00,45,True,19
700,8,0,0,0,0,0,0,0,0,0,0,0,0.0,0.0,0.0,0.0,0.00,0.00,0.00,0.00,44,False,10
700,9,0,0,0,0,0,0,0,0,0,0,0,0.0,0.0,0.0,0.0,0.00,0.00,0.00,0.00,44,True,8
700,10,0,0,0,0,0,0,0,0,0,0,0,0.0,0.0,0.0,0.0,0.00,0.00,0.00,0.00,44,False,3
700,11,0,0,0,0,0,0,0,0,0,0,0,0.0,0.0,0.0,0.0,0.00,0.00,0.00,0.00,43,False,17
700,12,0,0,0,0,0,0,0,0,0,0,0,0.0,0.0,0.0,0.0,0.00,0.00,0.00,0.00,43,True,18
700,13,0,0,0,0,0,0,0,0,0,0,0,0.0,0.0,0.0,0.0,0.00,0.00,0.00,0.00,43,False,7
700,14,0,0,0,0,0,0,0,0,0,0,0,0.0,0.0,0.0,0.0,0.00,0.00,0.00,0.00,43,True,5
700,15,0,0,0,0,0,0,0,0,0,0,0,0.0,0.0,0.0,0.0,0.00,0.00,0.00,0.00,43,False,2
700,16,0,0,0,0,0,0,0,0,0,0,0,0.0,0.0,0.0,0.0,0.00,0.00,0.00,0.00,43,True,20
700,17,0,0,0,0,0,0,0,0,0,0,0,0.0,0.0,0.0,0.0,0.00,0.00,0.00,0.00,43,False,9
700,18,0,0,0,0,0,0,0,0,0,0,0,0.0,0.0,0.0,0.0,0.00,0.00,0.00,0.00,43,True,6
700,19,0,0,0,0,0,0,0,0,0,0,0,0.0,0.0,0.0,0.0,0.00,0.00,0.00,0.00,43,True,2
700,20,0,0,0,0,0,0,0,0,0,0,0,0.0,0.0,0.0,0.0,0.00,0.00,0.00,0.00,43,False,4
700,21,0,0,0,0,0,0,0,0,0,0,0,0.0,0.0,0.0,0.0,0.00,0.00,0.00,0.00,43,True,12
700,22,0,0,0,0,0,0,0,0,0,0,0,0.0,0.0,0.0,0.0,0.00,0.00,0.00,0.00,42,False,16
700,23,0,0,0,0,0,0,0,0,0,0,0,0.0,0.0,0.0,0.0,0.00,0.00,0.00,0.00,42,True,14
700,24,0,0,0,0,0,0,0,0,0,0,0,0.0,0.0,0.0,0.0,0.00,0.00,0.00,0.00,42,False,11
700,25,0,0,0,0,0,0,0,0,0,0,0,0.0,0.0,0.0,0.0,0.00,0.00,0.00,0.00,42,True,17
700,26,0,0,0,0,0,0,0,0,0,0,0,0.0,0.0,0.0,0.0,0.00,0.00,0.00,0.00,42,False,5
700,26,0,0,0,0,0,0,0,0,0,0,0,0.0,0.0,0.0,0.0,0.00,0.00,0.00,0.00,42,False,20
711,3,0,0,0,0,0,0,0,0,0,0,0,0.0,0.0,0.0,0.0,0.00,0.00,0.00,0.00,45,False,12
711,4,0,0,0,0,0,0,0,0,0,0,0,0.0,0.0,0.0,0.0,0.00,0.00,0.00,0.00,45,True,16
711,5,0,0,0,0,0,0,0,0,0,0,0,0.0,0.0,0.0,0.0,0.00,0.00,0.00,0.00,45,True,13
711,6,0,0,0,0,0,0,0,0,0,0,0,0.0,0.0,0.0,0.0,0.00,0.00,0.00,0.00,45,False,15
711,7,0,0,0,0,0,0,0,0,0,0,0,0.0,0.0,0.0,0.0,0.00,0.00,0.00,0.00,45,True,19
711,8,0,0,0,0,0,0,0,0,0,0,0,0.0,0.0,0.0,0.0,0.00,0.00,0.00,0.00,45,False,10
711,9,0,0,0,0,0,0,0,0,0,0,0,0.0,0.0,0.0,0.0,0.00,0.00,0.00,0.00,45,True,8
711,10,0,0,0,0,0,0,0,0,0,0,0,0.0,0.0,0.0,0.0,0.00,0.00,0.00,0.00,45,False,3
711,11,0,0,0,0,0,0,0,0,0,0,0,0.0,0.0,0.0,0.0,0.00,0.00,0.00,0.00,45,False,17
711,12,0,0,0,0,0,0,0,0,0,0,0,0.0,0.0,0.0,0.0,0.00,0.00,0.00,0.00,45,True,18
711,13,0,0,0,0,0,0,0,0,0,0,0,0.0,0.0,0.0,0.0,0.00,0.00,0.00,0.00,45,False,7
711,14,0,0,0,0,0,0,0,0,0,0,0,0.0,0.0,0.0,0.0,0.00,0.00,0.00,0.00,45,True,5
711,15,0,0,0,0,0,0,0,0,0,0,0,0.0,0.0,0.0,0.0,0.00,0.00,0.00,0.00,45,False,2
711,16,0,0,0,0,0,0,0,0,0,0,0,0.0,0.0,0.0,0.0,0.00,0.00,0.00,0.00,45,True,20
711,17,0,0,0,0,0,0,0,0,0,0,0,0.0,0.0,0.0,0.0,0.00,0.00,0.00,0.00,45,False,9
711,18,0,0,0,0,0,0,0,0,0,0,0,0.0,0.0,0.0,0.0,0.00,0.00,0.00,0.00,45,True,6
711,19,0,0,0,0,0,0,0,0,0,0,0,0.0,0.0,0.0,0.0,0.00,0.00,0.00,0.00,45,True,2
711,20,0,0,0,0,0,0,0,0,0,0,0,0.0,0.0,0.0,0.0,0.00,0.00,0.00,0.00,45,False,4
711,21,0,0,0,0,0,0,0,0,0,0,0,0.0,0.0,0.0,0.0,0.00,0.00,0.00,0.00,45,True,12
711,22,0,0,0,0,0,0,0,0,0,0,0,0.0,0.0,0.0,0.0,0.00,0.00,0.00,0.00,45,False,16
711,23,0,0,0,0,0,0,0,0,0,0,0,0.0,0.0,0.0,0.0,0.00,0.00,0.00,0.00,44,True,14
711,24,0,0,0,0,0,0,0,0,0,0,0,0.0,0.0,0.0,0.0,0.00,0.00,0.00,0.00,44,False,11
711,25,0,0,0,0,0,0,0,0,0,0,0,0.0,0.0,0.0,0.0,0.00,0.00,0.00,0.00,44,True,17
711,26,0,0,0,0,0,0,0,0,0,0,0,0.0,0.0,0.0,0.0,0.00,0.00,0.00,0.00,44,False,5
711,26,0,0,0,0,0,0,0,0,0,0,0,0.0,0.0,0.0,0.0,0.00,0.00,0.00,0.00,44,False,20
725,4,0,0,0,0,0,0,0,0,0,0,0,0.0,0.0,0.0,0.0,0.00,0.00,0.00,0.00,55,True,16
725,5,0,0,0,0,0,0,0,0,0,0,0,0.0,0.0,0.0,0.0,0.00,0.00,0.00,0.00,55,True,13
725,6,0,0,0,0,0,0,0,0,0,0,0,0.0,0.0,0.0,0.0,0.00,0.00,0.00,0.00,55,False,15
725,7,0,0,0,0,0,0,0,0,0,0,0,0.0,0.0,0.0,0.0,0.00,0.00,0.00,0.00,54,True,19
725,8,0,0,0,0,0,0,0,0,0,0,0,0.0,0.0,0.0,0.0,0.00,0.00,0.00,0.00,54,False,10
725,9,8,1,0,0,0,0,0,0,0,0,4,0.0,0.0,0.3,0.0,0.00,0.00,0.00,0.01,54,True,8
725,10,18,1,0,0,0,0,0,0,0,0,3,0.1,0.8,0.3,0.0,0.00,0.00,0.00,0.40,54,False,3
725,11,0,0,0,0,0,0,0,0,0,0,0,0.0,0.0,0.0,0.0,0.00,0.00,0.00,0.00,54,False,17
725,12,87,2,0,0,0,1,0,0,0,0,10,1.4,11.4,0.8,2.0,0.00,0.01,0.01,0.07,54,True,18
725,13,90,1,0,0,0,1,1,0,0,0,9,1.6,14.0,2.1,0.0,0.00,0.43,0.43,0.79,54,False,7
725,14,90,8,0,0,1,0,0,0,0,0,30,2.4,22.4,1.7,0.0,0.00,0.01,0.01,0.35,54,True,5
725,15,90,3,0,0,0,2,0,0,0,0,11,3.4,33.2,0.9,0.0,0.00,0.01,0.01,2.16,54,False,2
725,16,90,4,0,0,0,1,0,0,0,0,14,4.9,30.8,14.1,4.0,0.00,0.02,0.02,0.38,55,True,20
725,17,90,10,0,0,1,0,0,0,0,2,31,3.8,32.6,1.5,4.0,0.00,0.02,0.02,0.20,55,False,9
725,18,90,1,0,0,0,1,1,0,0,0,10,1.7,11.8,2.9,2.0,0.00,0.01,0.01,0.85,55,True,6
725,19,90,2,0,0,0,1,0,0,0,0,15,3.6,17.6,16.3,2.0,0.00,0.15,0.15,2.67,55,True,2
725,20,90,1,0,0,0,2,0,0,0,0,5,3.0,10.8,15.6,4.0,0.00,0.07,0.07,1.43,54,False,4
725,21,56,1,0,0,0,0,0,0,0,0,5,0.7,3.2,1.8,2.0,0.00,0.01,0.01,0.14,53,True,12
725,22,0,0,0,0,0,0,0,0,0,0,0,0.0,0.0,0.0,0.0,0.00,0.00,0.00,0.00,52,False,16
725,23,57,0,0,0,0,2,0,0,0,0,-2,1.0,7.8,2.2,0.0,0.00,0.01,0.01,0.44,52,True,14
725,24,74,6,0,0,1,0,0,0,0,0,21,1.9,13.2,2.1,4.0,0.00,0.01,0.01,0.12,51,False,11
725,25,23,1,0,0,0,0,0,0,0,0,3,0.2,0.0,1.9,0.0,0.00,0.00,0.00,0.02,51,True,17
725,26,0,0,0,0,0,0,0,0,0,0,0,0.0,0.0,0.0,0.0,0.00,0.00,0.00,0.00,51,False,5
725,26,0,0,0,0,0,0,0,0,0,0,0,0.0,0.0,0.0,0.0,0.00,0.00,0.00,0.00,51,False,20
759,15,0,0,0,0,0,0,0,0,0,0,0,0.0,0.0,0.0,0.0,0.00,0.00,0.00,0.00,40,False,2
759,16,0,0,0,0,0,0,0,0,0,0,0,0.0,0.0,0.0,0.0,0.00,0.00,0.00,0.00,40,True,20
759,17,0,0,0,0,0,0,0,0,0,0,0,0.0,0.0,0.0,0.0,0.00,0.00,0.00,0.00,40,False,9
759,18,0,0,0,0,0,0,0,0,0,0,0,0.0,0.0,0.0,0.0,0.00,0.00,0.00,0.00,40,True,6
759,19,0,0,0,0,0,0,0,0,0,0,0,0.0,0.0,0.0,0.0,0.00,0.00,0.00,0.00,40,True,2
759,20,0,0,0,0,0,0,0,0,0,0,0,0.0,0.0,0.0,0.0,0.00,0.00,0.00,0.00,40,False,4
759,21,0,0,0,0,0,0,0,0,0,0,0,0.0,0.0,0.0,0.0,0.00,0.00,0.00,0.00,40,True,12
759,22,0,0,0,0,0,0,0,0,0,0,0,0.0,0.0,0.0,0.0,0.00,0.00,0.00,0.00,40,False,16
759,23,0,0,0,0,0,0,0,0,0,0,0,0.0,0.0,0.0,0.0,0.00,0.00,0.00,0.00,40,True,14
759,24,0,0,0,0,0,0,0,0,0,0,0,0.0,0.0,0.0,0.0,0.00,0.00,0.00,0.00,40,False,11
759,25,0,0,0,0,0,0,0,0,0,0,0,0.0,0.0,0.0,0.0,0.00,0.00,0.00,0.00,40,True,17
759,26,0,0,0,0,0,0,0,0,0,0,0,0.0,0.0,0.0,0.0,0.00,0.00,0.00,0.00,40,False,5
759,26,0,0,0,0,0,0,0,0,0,0,0,0.0,0.0,0.0,0.0,0.00,0.00,0.00,0.00,40,False,20
8,1,19,0,0,0,0,0,1,0,0,0,-3,0.3,3.0,0.3,0.0,0.00,0.00,0.00,0.66,55,False,14
8,2,63,24,2,1,1,0,0,0,0,3,68,19.9,95.0,28.5,75.0,0.81,0.05,0.86,0.17,55,True,11
8,3,90,2,0,0,0,1,0,0,0,0,7,3.5,11.4,12.4,11.0,0.09,0.05,0.14,0.52,56,False,12
8,4,90,8,0,0,1,0,0,0,0,2,37,6.8,19.8,13.0,35.0,0.30,0.02,0.32,0.20,57,True,16
8,5,79,1,0,0,0,1,1,0,0,0,16,3.9,17.0,13.9,8.0,0.00,0.05,0.05,0.65,57,True,13
8,6,90,2,0,0,0,1,0,0,0,0,10,8.8,24.6,38.2,25.0,0.53,0.21,0.74,0.61,58,False,15
8,7,90,11,0,1,1,0,0,0,0,2,43,6.6,20.2,16.8,29.0,0.16,0.03,0.19,0.49,58,True,19
8,8,90,6,0,0,1,0,0,0,0,0,27,5.5,16.8,31.8,6.0,0.00,0.15,0.15,0.44,59,False,10
8,9,90,6,0,0,1,0,0,0,0,0,25,3.1,11.8,16.7,2.0,0.00,0.04,0.04,0.47,60,True,8
8,10,90,6,0,0,1,0,0,0,0,0,20,2.4,5.4,1.2,17.0,0.19,0.01,0.20,0.42,61,False,3
8,11,90,1,0,0,0,2,0,0,0,0,7,2.7,13.0,6.3,8.0,0.00,0.03,0.03,0.44,61,False,17
8,12,90,5,0,1,0,1,0,0,0,0,6,5.0,15.0,14.8,20.0,0.50,0.04,0.54,0.07,62,True,18
8,13,90,2,0,0,0,1,0,0,0,0,8,1.9,10.2,3.1,6.0,0.30,0.03,0.33,0.79,63,False,7
8,14,46,1,0,0,0,0,0,0,0,0,3,0.7,7.0,0.3,0.0,0.00,0.00,0.00,0.09,64,True,5
8,15,90,3,0,0,0,2,0,0,0,0,7,3.0,24.0,1.8,4.0,0.23,0.01,0.24,2.16,64,False,2
8,16,90,2,0,0,0,1,0,0,0,0,7,3.5,8.0,16.5,10.0,0.19,0.02,0.21,0.38,65,True,20
8,17,90,6,0,0,1,0,0,0,0,0,26,4.3,9.0,13.3,21.0,0.46,0.07,0.53,0.20,65,False,9
8,18,0,0,0,0,0,0,0,0,0,0,0,0.0,0.0,0.0,0.0,0.00,0.00,0.00,0.00,65,True,6
8,19,82,9,0,1,1,0,0,0,0,0,28,7.0,21.2,22.3,26.0,0.30,0.01,0.31,0.67,64,True,2
8,20,90,3,0,0,0,2,0,0,0,0,8,5.8,31.6,22.3,4.0,0.00,0.01,0.01,1.43,64,False,4
8,21,90,6,0,0,1,0,0,0,0,0,24,2.3,11.0,3.7,8.0,0.00,0.02,0.02,0.36,63,True,12
8,22,90,5,0,0,1,0,1,0,0,0,17,0.9,0.4,2.2,6.0,0.10,0.02,0.12,0.34,63,False,16
8,23,90,1,0,0,0,3,0,0,0,0,-2,1.0,5.4,2.3,2.0,0.00,0.01,0.01,0.71,63,True,14
8,24,90,5,0,0,1,0,1,0,0,0,20,3.4,8.6,16.5,9.0,0.14,0.21,0.35,0.15,63,False,11
8,25,90,6,0,0,1,0,0,0,0,0,24,1.7,11.6,3.2,2.0,0.00,0.02,0.02,0.19,64,True,17
8,26,0,0,0,0,0,0,0,0,0,0,0,0.0,0.0,0.0,0.0,0.00,0.00,0.00,0.00,64,False,5
8,26,0,0,0,0,0,0,0,0,0,0,0,0.0,0.0,0.0,0.0,0.00,0.00,0.00,0.00,64,False,20
9,1,0,0,0,0,0,0,0,0,0,0,0,0.0,0.0,0.0,0.0,0.00,0.00,0.00,0.00,55,False,14
9,2,0,0,0,0,0,0,0,0,0,0,0,0.0,0.0,0.0,0.0,0.00,0.00,0.00,0.00,55,True,11
9,3,0,0,0,0,0,0,0,0,0,0,0,0.0,0.0,0.0,0.0,0.00,0.00,0.00,0.00,54,False,12
9,4,0,0,0,0,0,0,0,0,0,0,0,0.0,0.0,0.0,0.0,0.00,0.00,0.00,0.00,54,True,16
9,5,0,0,0,0,0,0,0,0,0,0,0,0.0,0.0,0.0,0.0,0.00,0.00,0.00,0.00,54,True,13
9,6,0,0,0,0,0,0,0,0,0,0,0,0.0,0.0,0.0,0.0,0.00,0.00,0.00,0.00,54,False,15
9,7,0,0,0,0,0,0,0,0,0,0,0,0.0,0.0,0.0,0.0,0.00,0.00,0.00,0.00,54,True,19
9,8,0,0,0,0,0,0,0,0,0,0,0,0.0,0.0,0.0,0.0,0.00,0.00,0.00,0.00,54,False,10
9,9,0,0,0,0,0,0,0,0,0,0,0,0.0,0.0,0.0,0.0,0.00,0.00,0.00,0.00,54,True,8
9,10,0,0,0,0,0,0,0,0,0,0,0,0.0,0.0,0.0,0.0,0.00,0.00,0.00,0.00,54,False,3
9,11,0,0,0,0,0,0,0,0,0,0,0,0.0,0.0,0.0,0.0,0.00,0.00,0.00,0.00,54,False,17
9,12,0,0,0,0,0,0,0,0,0,0,0,0.0,0.0,0.0,0.0,0.00,0.00,0.00,0.00,54,True,18
9,13,0,0,0,0,0,0,0,0,0,0,0,0.0,0.0,0.0,0.0,0.00,0.00,0.00,0.00,54,False,7
9,14,0,0,0,0,0,0,0,0,0,0,0,0.0,0.0,0.0,0.0,0.00,0.00,0.00,0.00,54,True,5
9,15,0,0,0,0,0,0,0,0,0,0,0,0.0,0.0,0.0,0.0,0.00,0.00,0.00,0.00,54,False,2
9,16,0,0,0,0,0,0,0,0,0,0,0,0.0,0.0,0.0,0.0,0.00,0.00,0.00,0.00,54,True,20
9,17,0,0,0,0,0,0,0,0,0,0,0,0.0,0.0,0.0,0.0,0.00,0.00,0.00,0.00,54,False,9
9,18,0,0,0,0,0,0,0,0,0,0,0,0.0,0.0,0.0,0.0,0.00,0.00,0.00,0.00,54,True,6
9,19,0,0,0,0,0,0,0,0,0,0,0,0.0,0.0,0.0,0.0,0.00,0.00,0.00,0.00,54,True,2
9,20,0,0,0,0,0,0,0,0,0,0,0,0.0,0.0,0.0,0.0,0.00,0.00,0.00,0.00,54,False,4
9,21,0,0,0,0,0,0,0,0,0,0,0,0.0,0.0,0.0,0.0,0.00,0.00,0.00,0.00,54,True,12
9,22,0,0,0,0,0,0,0,0,0,0,0,0.0,0.0,0.0,0.0,0.00,0.00,0.00,0.00,54,False,16
9,23,0,0,0,0,0,0,0,0,0,0,0,0.0,0.0,0.0,0.0,0.00,0.00,0.00,0.00,54,True,14
9,24,0,0,0,0,0,0,0,0,0,0,0,0.0,0.0,0.0,0.0,0.00,0.00,0.00,0.00,54,False,11
9,25,0,0,0,0,0,0,0,0,0,0,0,0.0,0.0,0.0,0.0,0.00,0.00,0.00,0.00,54,True,17
9,26,0,0,0,0,0,0,0,0,0,0,0,0.0,0.0,0.0,0.0,0.00,0.00,0.00,0.00,54,False,5
9,26,0,0,0,0,0,0,0,0,0,0,0,0.0,0.0,0.0,0.0,0.00,0.00,0.00,0.00,54,False,20
